name,address,lat,long,phone,avg_rating,num_of_reviews,info
Phuc Long Coffee & Tea,"66-68 P. Trần Xuân Soạn, Ngô Thì Nhậm, Hai Bà Trưng, Hà Nội, Vietnam",21.016926,105.8528537,+84 24 3864 7979,4.0,730,Wheelchair accessible restroom
Phuc Long Coffee & Tea,"66-68 P. Trần Xuân Soạn, Ngô Thì Nhậm, Hai Bà Trưng, Hà Nội, Vietnam",21.016926,105.8528537,+84 24 3864 7979,4.0,730,Outdoor seating
Phuc Long Coffee & Tea,"66-68 P. Trần Xuân Soạn, Ngô Thì Nhậm, Hai Bà Trưng, Hà Nội, Vietnam",21.016926,105.8528537,+84 24 3864 7979,4.0,730,No-contact delivery
Phuc Long Coffee & Tea,"66-68 P. Trần Xuân Soạn, Ngô Thì Nhậm, Hai Bà Trưng, Hà Nội, Vietnam",21.016926,105.8528537,+84 24 3864 7979,4.0,730,Delivery
Phuc Long Coffee & Tea,"66-68 P. Trần Xuân Soạn, Ngô Thì Nhậm, Hai Bà Trưng, Hà Nội, Vietnam",21.016926,105.8528537,+84 24 3864 7979,4.0,730,Takeout
Phuc Long Coffee & Tea,"66-68 P. Trần Xuân Soạn, Ngô Thì Nhậm, Hai Bà Trưng, Hà Nội, Vietnam",21.016926,105.8528537,+84 24 3864 7979,4.0,730,Dine-in
Phuc Long Coffee & Tea,"66-68 P. Trần Xuân Soạn, Ngô Thì Nhậm, Hai Bà Trưng, Hà Nội, Vietnam",21.016926,105.8528537,+84 24 3864 7979,4.0,730,Great coffee
Phuc Long Coffee & Tea,"66-68 P. Trần Xuân Soạn, Ngô Thì Nhậm, Hai Bà Trưng, Hà Nội, Vietnam",21.016926,105.8528537,+84 24 3864 7979,4.0,730,Great dessert
Phuc Long Coffee & Tea,"66-68 P. Trần Xuân Soạn, Ngô Thì Nhậm, Hai Bà Trưng, Hà Nội, Vietnam",21.016926,105.8528537,+84 24 3864 7979,4.0,730,Great tea selection
Phuc Long Coffee & Tea,"66-68 P. Trần Xuân Soạn, Ngô Thì Nhậm, Hai Bà Trưng, Hà Nội, Vietnam",21.016926,105.8528537,+84 24 3864 7979,4.0,730,Rooftop seating
Phuc Long Coffee & Tea,"66-68 P. Trần Xuân Soạn, Ngô Thì Nhậm, Hai Bà Trưng, Hà Nội, Vietnam",21.016926,105.8528537,+84 24 3864 7979,4.0,730,Good for working on laptop
Phuc Long Coffee & Tea,"66-68 P. Trần Xuân Soạn, Ngô Thì Nhậm, Hai Bà Trưng, Hà Nội, Vietnam",21.016926,105.8528537,+84 24 3864 7979,4.0,730,Alcohol
Phuc Long Coffee & Tea,"66-68 P. Trần Xuân Soạn, Ngô Thì Nhậm, Hai Bà Trưng, Hà Nội, Vietnam",21.016926,105.8528537,+84 24 3864 7979,4.0,730,Coffee
Phuc Long Coffee & Tea,"66-68 P. Trần Xuân Soạn, Ngô Thì Nhậm, Hai Bà Trưng, Hà Nội, Vietnam",21.016926,105.8528537,+84 24 3864 7979,4.0,730,Happy hour drinks
Phuc Long Coffee & Tea,"66-68 P. Trần Xuân Soạn, Ngô Thì Nhậm, Hai Bà Trưng, Hà Nội, Vietnam",21.016926,105.8528537,+84 24 3864 7979,4.0,730,Happy hour food
Phuc Long Coffee & Tea,"66-68 P. Trần Xuân Soạn, Ngô Thì Nhậm, Hai Bà Trưng, Hà Nội, Vietnam",21.016926,105.8528537,+84 24 3864 7979,4.0,730,Organic dishes
Phuc Long Coffee & Tea,"66-68 P. Trần Xuân Soạn, Ngô Thì Nhậm, Hai Bà Trưng, Hà Nội, Vietnam",21.016926,105.8528537,+84 24 3864 7979,4.0,730,Prepared foods
Phuc Long Coffee & Tea,"66-68 P. Trần Xuân Soạn, Ngô Thì Nhậm, Hai Bà Trưng, Hà Nội, Vietnam",21.016926,105.8528537,+84 24 3864 7979,4.0,730,Quick bite
Phuc Long Coffee & Tea,"66-68 P. Trần Xuân Soạn, Ngô Thì Nhậm, Hai Bà Trưng, Hà Nội, Vietnam",21.016926,105.8528537,+84 24 3864 7979,4.0,730,Small plates
Phuc Long Coffee & Tea,"66-68 P. Trần Xuân Soạn, Ngô Thì Nhậm, Hai Bà Trưng, Hà Nội, Vietnam",21.016926,105.8528537,+84 24 3864 7979,4.0,730,Breakfast
Phuc Long Coffee & Tea,"66-68 P. Trần Xuân Soạn, Ngô Thì Nhậm, Hai Bà Trưng, Hà Nội, Vietnam",21.016926,105.8528537,+84 24 3864 7979,4.0,730,Brunch
Phuc Long Coffee & Tea,"66-68 P. Trần Xuân Soạn, Ngô Thì Nhậm, Hai Bà Trưng, Hà Nội, Vietnam",21.016926,105.8528537,+84 24 3864 7979,4.0,730,Catering
Phuc Long Coffee & Tea,"66-68 P. Trần Xuân Soạn, Ngô Thì Nhậm, Hai Bà Trưng, Hà Nội, Vietnam",21.016926,105.8528537,+84 24 3864 7979,4.0,730,Dessert
Phuc Long Coffee & Tea,"66-68 P. Trần Xuân Soạn, Ngô Thì Nhậm, Hai Bà Trưng, Hà Nội, Vietnam",21.016926,105.8528537,+84 24 3864 7979,4.0,730,Seating
Phuc Long Coffee & Tea,"66-68 P. Trần Xuân Soạn, Ngô Thì Nhậm, Hai Bà Trưng, Hà Nội, Vietnam",21.016926,105.8528537,+84 24 3864 7979,4.0,730,Bar onsite
Phuc Long Coffee & Tea,"66-68 P. Trần Xuân Soạn, Ngô Thì Nhậm, Hai Bà Trưng, Hà Nội, Vietnam",21.016926,105.8528537,+84 24 3864 7979,4.0,730,Gender-neutral restroom
Phuc Long Coffee & Tea,"66-68 P. Trần Xuân Soạn, Ngô Thì Nhậm, Hai Bà Trưng, Hà Nội, Vietnam",21.016926,105.8528537,+84 24 3864 7979,4.0,730,Restroom
Phuc Long Coffee & Tea,"66-68 P. Trần Xuân Soạn, Ngô Thì Nhậm, Hai Bà Trưng, Hà Nội, Vietnam",21.016926,105.8528537,+84 24 3864 7979,4.0,730,Wi-Fi
Phuc Long Coffee & Tea,"66-68 P. Trần Xuân Soạn, Ngô Thì Nhậm, Hai Bà Trưng, Hà Nội, Vietnam",21.016926,105.8528537,+84 24 3864 7979,4.0,730,Free Wi-Fi
Phuc Long Coffee & Tea,"66-68 P. Trần Xuân Soạn, Ngô Thì Nhậm, Hai Bà Trưng, Hà Nội, Vietnam",21.016926,105.8528537,+84 24 3864 7979,4.0,730,Casual
Phuc Long Coffee & Tea,"66-68 P. Trần Xuân Soạn, Ngô Thì Nhậm, Hai Bà Trưng, Hà Nội, Vietnam",21.016926,105.8528537,+84 24 3864 7979,4.0,730,Cozy
Phuc Long Coffee & Tea,"66-68 P. Trần Xuân Soạn, Ngô Thì Nhậm, Hai Bà Trưng, Hà Nội, Vietnam",21.016926,105.8528537,+84 24 3864 7979,4.0,730,College students
Phuc Long Coffee & Tea,"66-68 P. Trần Xuân Soạn, Ngô Thì Nhậm, Hai Bà Trưng, Hà Nội, Vietnam",21.016926,105.8528537,+84 24 3864 7979,4.0,730,Family-friendly
Phuc Long Coffee & Tea,"66-68 P. Trần Xuân Soạn, Ngô Thì Nhậm, Hai Bà Trưng, Hà Nội, Vietnam",21.016926,105.8528537,+84 24 3864 7979,4.0,730,Groups
Phuc Long Coffee & Tea,"66-68 P. Trần Xuân Soạn, Ngô Thì Nhậm, Hai Bà Trưng, Hà Nội, Vietnam",21.016926,105.8528537,+84 24 3864 7979,4.0,730,LGBTQ+ friendly
Phuc Long Coffee & Tea,"66-68 P. Trần Xuân Soạn, Ngô Thì Nhậm, Hai Bà Trưng, Hà Nội, Vietnam",21.016926,105.8528537,+84 24 3864 7979,4.0,730,Tourists
Phuc Long Coffee & Tea,"66-68 P. Trần Xuân Soạn, Ngô Thì Nhậm, Hai Bà Trưng, Hà Nội, Vietnam",21.016926,105.8528537,+84 24 3864 7979,4.0,730,Transgender safespace
Phuc Long Coffee & Tea,"66-68 P. Trần Xuân Soạn, Ngô Thì Nhậm, Hai Bà Trưng, Hà Nội, Vietnam",21.016926,105.8528537,+84 24 3864 7979,4.0,730,Usually a wait
Phuc Long Coffee & Tea,"66-68 P. Trần Xuân Soạn, Ngô Thì Nhậm, Hai Bà Trưng, Hà Nội, Vietnam",21.016926,105.8528537,+84 24 3864 7979,4.0,730,Credit cards
Phuc Long Coffee & Tea,"66-68 P. Trần Xuân Soạn, Ngô Thì Nhậm, Hai Bà Trưng, Hà Nội, Vietnam",21.016926,105.8528537,+84 24 3864 7979,4.0,730,Debit cards
Phuc Long Coffee & Tea,"66-68 P. Trần Xuân Soạn, Ngô Thì Nhậm, Hai Bà Trưng, Hà Nội, Vietnam",21.016926,105.8528537,+84 24 3864 7979,4.0,730,NFC mobile payments
Phuc Long Coffee & Tea,"66-68 P. Trần Xuân Soạn, Ngô Thì Nhậm, Hai Bà Trưng, Hà Nội, Vietnam",21.016926,105.8528537,+84 24 3864 7979,4.0,730,Credit cards
Phuc Long Coffee & Tea,"66-68 P. Trần Xuân Soạn, Ngô Thì Nhậm, Hai Bà Trưng, Hà Nội, Vietnam",21.016926,105.8528537,+84 24 3864 7979,4.0,730,Good for kids
Phuc Long Coffee & Tea,"66-68 P. Trần Xuân Soạn, Ngô Thì Nhậm, Hai Bà Trưng, Hà Nội, Vietnam",21.016926,105.8528537,+84 24 3864 7979,4.0,730,Free parking lot
Phuc Long Coffee & Tea,"66-68 P. Trần Xuân Soạn, Ngô Thì Nhậm, Hai Bà Trưng, Hà Nội, Vietnam",21.016926,105.8528537,+84 24 3864 7979,4.0,730,Free street parking
Phuc Long Coffee & Tea,"66-68 P. Trần Xuân Soạn, Ngô Thì Nhậm, Hai Bà Trưng, Hà Nội, Vietnam",21.016926,105.8528537,+84 24 3864 7979,4.0,730,Usually plenty of parking
Phuc Long Coffee & Tea,"82-84 Hàng Điếu, P, Hoàn Kiếm, Hà Nội",21.0321337,105.8464506,028 7100 1968,4.0,1345,Outdoor seating
Phuc Long Coffee & Tea,"82-84 Hàng Điếu, P, Hoàn Kiếm, Hà Nội",21.0321337,105.8464506,028 7100 1968,4.0,1345,No-contact delivery
Phuc Long Coffee & Tea,"82-84 Hàng Điếu, P, Hoàn Kiếm, Hà Nội",21.0321337,105.8464506,028 7100 1968,4.0,1345,Delivery
Phuc Long Coffee & Tea,"82-84 Hàng Điếu, P, Hoàn Kiếm, Hà Nội",21.0321337,105.8464506,028 7100 1968,4.0,1345,Takeout
Phuc Long Coffee & Tea,"82-84 Hàng Điếu, P, Hoàn Kiếm, Hà Nội",21.0321337,105.8464506,028 7100 1968,4.0,1345,Dine-in
Phuc Long Coffee & Tea,"82-84 Hàng Điếu, P, Hoàn Kiếm, Hà Nội",21.0321337,105.8464506,028 7100 1968,4.0,1345,Great coffee
Phuc Long Coffee & Tea,"82-84 Hàng Điếu, P, Hoàn Kiếm, Hà Nội",21.0321337,105.8464506,028 7100 1968,4.0,1345,Great dessert
Phuc Long Coffee & Tea,"82-84 Hàng Điếu, P, Hoàn Kiếm, Hà Nội",21.0321337,105.8464506,028 7100 1968,4.0,1345,Great tea selection
Phuc Long Coffee & Tea,"82-84 Hàng Điếu, P, Hoàn Kiếm, Hà Nội",21.0321337,105.8464506,028 7100 1968,4.0,1345,Rooftop seating
Phuc Long Coffee & Tea,"82-84 Hàng Điếu, P, Hoàn Kiếm, Hà Nội",21.0321337,105.8464506,028 7100 1968,4.0,1345,Good for working on laptop
Phuc Long Coffee & Tea,"82-84 Hàng Điếu, P, Hoàn Kiếm, Hà Nội",21.0321337,105.8464506,028 7100 1968,4.0,1345,Coffee
Phuc Long Coffee & Tea,"82-84 Hàng Điếu, P, Hoàn Kiếm, Hà Nội",21.0321337,105.8464506,028 7100 1968,4.0,1345,Happy hour drinks
Phuc Long Coffee & Tea,"82-84 Hàng Điếu, P, Hoàn Kiếm, Hà Nội",21.0321337,105.8464506,028 7100 1968,4.0,1345,Happy hour food
Phuc Long Coffee & Tea,"82-84 Hàng Điếu, P, Hoàn Kiếm, Hà Nội",21.0321337,105.8464506,028 7100 1968,4.0,1345,Organic dishes
Phuc Long Coffee & Tea,"82-84 Hàng Điếu, P, Hoàn Kiếm, Hà Nội",21.0321337,105.8464506,028 7100 1968,4.0,1345,Prepared foods
Phuc Long Coffee & Tea,"82-84 Hàng Điếu, P, Hoàn Kiếm, Hà Nội",21.0321337,105.8464506,028 7100 1968,4.0,1345,Quick bite
Phuc Long Coffee & Tea,"82-84 Hàng Điếu, P, Hoàn Kiếm, Hà Nội",21.0321337,105.8464506,028 7100 1968,4.0,1345,Small plates
Phuc Long Coffee & Tea,"82-84 Hàng Điếu, P, Hoàn Kiếm, Hà Nội",21.0321337,105.8464506,028 7100 1968,4.0,1345,Breakfast
Phuc Long Coffee & Tea,"82-84 Hàng Điếu, P, Hoàn Kiếm, Hà Nội",21.0321337,105.8464506,028 7100 1968,4.0,1345,Brunch
Phuc Long Coffee & Tea,"82-84 Hàng Điếu, P, Hoàn Kiếm, Hà Nội",21.0321337,105.8464506,028 7100 1968,4.0,1345,Lunch
Phuc Long Coffee & Tea,"82-84 Hàng Điếu, P, Hoàn Kiếm, Hà Nội",21.0321337,105.8464506,028 7100 1968,4.0,1345,Dinner
Phuc Long Coffee & Tea,"82-84 Hàng Điếu, P, Hoàn Kiếm, Hà Nội",21.0321337,105.8464506,028 7100 1968,4.0,1345,Catering
Phuc Long Coffee & Tea,"82-84 Hàng Điếu, P, Hoàn Kiếm, Hà Nội",21.0321337,105.8464506,028 7100 1968,4.0,1345,Dessert
Phuc Long Coffee & Tea,"82-84 Hàng Điếu, P, Hoàn Kiếm, Hà Nội",21.0321337,105.8464506,028 7100 1968,4.0,1345,Seating
Phuc Long Coffee & Tea,"82-84 Hàng Điếu, P, Hoàn Kiếm, Hà Nội",21.0321337,105.8464506,028 7100 1968,4.0,1345,Bar onsite
Phuc Long Coffee & Tea,"82-84 Hàng Điếu, P, Hoàn Kiếm, Hà Nội",21.0321337,105.8464506,028 7100 1968,4.0,1345,Gender-neutral restroom
Phuc Long Coffee & Tea,"82-84 Hàng Điếu, P, Hoàn Kiếm, Hà Nội",21.0321337,105.8464506,028 7100 1968,4.0,1345,Restroom
Phuc Long Coffee & Tea,"82-84 Hàng Điếu, P, Hoàn Kiếm, Hà Nội",21.0321337,105.8464506,028 7100 1968,4.0,1345,Wi-Fi
Phuc Long Coffee & Tea,"82-84 Hàng Điếu, P, Hoàn Kiếm, Hà Nội",21.0321337,105.8464506,028 7100 1968,4.0,1345,Free Wi-Fi
Phuc Long Coffee & Tea,"82-84 Hàng Điếu, P, Hoàn Kiếm, Hà Nội",21.0321337,105.8464506,028 7100 1968,4.0,1345,Casual
Phuc Long Coffee & Tea,"82-84 Hàng Điếu, P, Hoàn Kiếm, Hà Nội",21.0321337,105.8464506,028 7100 1968,4.0,1345,Cozy
Phuc Long Coffee & Tea,"82-84 Hàng Điếu, P, Hoàn Kiếm, Hà Nội",21.0321337,105.8464506,028 7100 1968,4.0,1345,Trendy
Phuc Long Coffee & Tea,"82-84 Hàng Điếu, P, Hoàn Kiếm, Hà Nội",21.0321337,105.8464506,028 7100 1968,4.0,1345,College students
Phuc Long Coffee & Tea,"82-84 Hàng Điếu, P, Hoàn Kiếm, Hà Nội",21.0321337,105.8464506,028 7100 1968,4.0,1345,Family-friendly
Phuc Long Coffee & Tea,"82-84 Hàng Điếu, P, Hoàn Kiếm, Hà Nội",21.0321337,105.8464506,028 7100 1968,4.0,1345,Groups
Phuc Long Coffee & Tea,"82-84 Hàng Điếu, P, Hoàn Kiếm, Hà Nội",21.0321337,105.8464506,028 7100 1968,4.0,1345,LGBTQ+ friendly
Phuc Long Coffee & Tea,"82-84 Hàng Điếu, P, Hoàn Kiếm, Hà Nội",21.0321337,105.8464506,028 7100 1968,4.0,1345,Tourists
Phuc Long Coffee & Tea,"82-84 Hàng Điếu, P, Hoàn Kiếm, Hà Nội",21.0321337,105.8464506,028 7100 1968,4.0,1345,Transgender safespace
Phuc Long Coffee & Tea,"82-84 Hàng Điếu, P, Hoàn Kiếm, Hà Nội",21.0321337,105.8464506,028 7100 1968,4.0,1345,Usually a wait
Phuc Long Coffee & Tea,"82-84 Hàng Điếu, P, Hoàn Kiếm, Hà Nội",21.0321337,105.8464506,028 7100 1968,4.0,1345,Credit cards
Phuc Long Coffee & Tea,"82-84 Hàng Điếu, P, Hoàn Kiếm, Hà Nội",21.0321337,105.8464506,028 7100 1968,4.0,1345,Debit cards
Phuc Long Coffee & Tea,"82-84 Hàng Điếu, P, Hoàn Kiếm, Hà Nội",21.0321337,105.8464506,028 7100 1968,4.0,1345,NFC mobile payments
Phuc Long Coffee & Tea,"82-84 Hàng Điếu, P, Hoàn Kiếm, Hà Nội",21.0321337,105.8464506,028 7100 1968,4.0,1345,Credit cards
Phuc Long Coffee & Tea,"82-84 Hàng Điếu, P, Hoàn Kiếm, Hà Nội",21.0321337,105.8464506,028 7100 1968,4.0,1345,Good for kids
Phuc Long Coffee & Tea,"82-84 Hàng Điếu, P, Hoàn Kiếm, Hà Nội",21.0321337,105.8464506,028 7100 1968,4.0,1345,Free parking lot
Phuc Long Coffee & Tea,"82-84 Hàng Điếu, P, Hoàn Kiếm, Hà Nội",21.0321337,105.8464506,028 7100 1968,4.0,1345,Free street parking
Phuc Long Coffee & Tea,"82-84 Hàng Điếu, P, Hoàn Kiếm, Hà Nội",21.0321337,105.8464506,028 7100 1968,4.0,1345,Usually plenty of parking
Phuc Long Coffee & Tea,"82-84 Hàng Điếu, P, Hoàn Kiếm, Hà Nội",21.0321337,105.8464506,028 7100 1968,4.0,1345,Valet parking
Phúc Long Coffee & Tea (Phúc Long Nguyễn Hữu Huân),"1B P. Nguyễn Hữu Huân, Lý Thái Tổ, Hoàn Kiếm, Hà Nội",21.0347796,105.8541651,028 7100 1968 ext. 21038,3.6,233,Outdoor seating
Phúc Long Coffee & Tea (Phúc Long Nguyễn Hữu Huân),"1B P. Nguyễn Hữu Huân, Lý Thái Tổ, Hoàn Kiếm, Hà Nội",21.0347796,105.8541651,028 7100 1968 ext. 21038,3.6,233,Onsite services
Phúc Long Coffee & Tea (Phúc Long Nguyễn Hữu Huân),"1B P. Nguyễn Hữu Huân, Lý Thái Tổ, Hoàn Kiếm, Hà Nội",21.0347796,105.8541651,028 7100 1968 ext. 21038,3.6,233,Takeout
Phúc Long Coffee & Tea (Phúc Long Nguyễn Hữu Huân),"1B P. Nguyễn Hữu Huân, Lý Thái Tổ, Hoàn Kiếm, Hà Nội",21.0347796,105.8541651,028 7100 1968 ext. 21038,3.6,233,Dine-in
Phúc Long Coffee & Tea (Phúc Long Nguyễn Hữu Huân),"1B P. Nguyễn Hữu Huân, Lý Thái Tổ, Hoàn Kiếm, Hà Nội",21.0347796,105.8541651,028 7100 1968 ext. 21038,3.6,233,Great coffee
Phúc Long Coffee & Tea (Phúc Long Nguyễn Hữu Huân),"1B P. Nguyễn Hữu Huân, Lý Thái Tổ, Hoàn Kiếm, Hà Nội",21.0347796,105.8541651,028 7100 1968 ext. 21038,3.6,233,Great dessert
Phúc Long Coffee & Tea (Phúc Long Nguyễn Hữu Huân),"1B P. Nguyễn Hữu Huân, Lý Thái Tổ, Hoàn Kiếm, Hà Nội",21.0347796,105.8541651,028 7100 1968 ext. 21038,3.6,233,Great tea selection
Phúc Long Coffee & Tea (Phúc Long Nguyễn Hữu Huân),"1B P. Nguyễn Hữu Huân, Lý Thái Tổ, Hoàn Kiếm, Hà Nội",21.0347796,105.8541651,028 7100 1968 ext. 21038,3.6,233,Good for working on laptop
Phúc Long Coffee & Tea (Phúc Long Nguyễn Hữu Huân),"1B P. Nguyễn Hữu Huân, Lý Thái Tổ, Hoàn Kiếm, Hà Nội",21.0347796,105.8541651,028 7100 1968 ext. 21038,3.6,233,Coffee
Phúc Long Coffee & Tea (Phúc Long Nguyễn Hữu Huân),"1B P. Nguyễn Hữu Huân, Lý Thái Tổ, Hoàn Kiếm, Hà Nội",21.0347796,105.8541651,028 7100 1968 ext. 21038,3.6,233,Quick bite
Phúc Long Coffee & Tea (Phúc Long Nguyễn Hữu Huân),"1B P. Nguyễn Hữu Huân, Lý Thái Tổ, Hoàn Kiếm, Hà Nội",21.0347796,105.8541651,028 7100 1968 ext. 21038,3.6,233,Catering
Phúc Long Coffee & Tea (Phúc Long Nguyễn Hữu Huân),"1B P. Nguyễn Hữu Huân, Lý Thái Tổ, Hoàn Kiếm, Hà Nội",21.0347796,105.8541651,028 7100 1968 ext. 21038,3.6,233,Dessert
Phúc Long Coffee & Tea (Phúc Long Nguyễn Hữu Huân),"1B P. Nguyễn Hữu Huân, Lý Thái Tổ, Hoàn Kiếm, Hà Nội",21.0347796,105.8541651,028 7100 1968 ext. 21038,3.6,233,Seating
Phúc Long Coffee & Tea (Phúc Long Nguyễn Hữu Huân),"1B P. Nguyễn Hữu Huân, Lý Thái Tổ, Hoàn Kiếm, Hà Nội",21.0347796,105.8541651,028 7100 1968 ext. 21038,3.6,233,Restroom
Phúc Long Coffee & Tea (Phúc Long Nguyễn Hữu Huân),"1B P. Nguyễn Hữu Huân, Lý Thái Tổ, Hoàn Kiếm, Hà Nội",21.0347796,105.8541651,028 7100 1968 ext. 21038,3.6,233,Cozy
Phúc Long Coffee & Tea (Phúc Long Nguyễn Hữu Huân),"1B P. Nguyễn Hữu Huân, Lý Thái Tổ, Hoàn Kiếm, Hà Nội",21.0347796,105.8541651,028 7100 1968 ext. 21038,3.6,233,College students
Phúc Long Coffee & Tea (Phúc Long Nguyễn Hữu Huân),"1B P. Nguyễn Hữu Huân, Lý Thái Tổ, Hoàn Kiếm, Hà Nội",21.0347796,105.8541651,028 7100 1968 ext. 21038,3.6,233,Groups
Phúc Long Coffee & Tea (Phúc Long Nguyễn Hữu Huân),"1B P. Nguyễn Hữu Huân, Lý Thái Tổ, Hoàn Kiếm, Hà Nội",21.0347796,105.8541651,028 7100 1968 ext. 21038,3.6,233,Credit cards
Phúc Long Coffee & Tea (Phúc Long Nguyễn Hữu Huân),"1B P. Nguyễn Hữu Huân, Lý Thái Tổ, Hoàn Kiếm, Hà Nội",21.0347796,105.8541651,028 7100 1968 ext. 21038,3.6,233,Debit cards
Phúc Long Coffee & Tea (Phúc Long Nguyễn Hữu Huân),"1B P. Nguyễn Hữu Huân, Lý Thái Tổ, Hoàn Kiếm, Hà Nội",21.0347796,105.8541651,028 7100 1968 ext. 21038,3.6,233,NFC mobile payments
Phúc Long Coffee & Tea (Phúc Long Nguyễn Hữu Huân),"1B P. Nguyễn Hữu Huân, Lý Thái Tổ, Hoàn Kiếm, Hà Nội",21.0347796,105.8541651,028 7100 1968 ext. 21038,3.6,233,Free parking lot
Phúc Long Coffee & Tea (Phúc Long Nguyễn Hữu Huân),"1B P. Nguyễn Hữu Huân, Lý Thái Tổ, Hoàn Kiếm, Hà Nội",21.0347796,105.8541651,028 7100 1968 ext. 21038,3.6,233,Usually plenty of parking
Phúc Long Coffee & Tea (Phúc Long Nguyễn Hữu Huân),"1B P. Nguyễn Hữu Huân, Lý Thái Tổ, Hoàn Kiếm, Hà Nội",21.0347796,105.8541651,028 7100 1968 ext. 21038,3.6,233,Valet parking
Phuc Long Coffee Palm,"Tòa nhà The Golden Palm, 21 Đ. Lê Văn Lương, Nhân Chính, Thanh Xuân, Hà Nội",21.00694,105.8070309,024 3553 5333,4.2,778,Wheelchair accessible restroom
Phuc Long Coffee Palm,"Tòa nhà The Golden Palm, 21 Đ. Lê Văn Lương, Nhân Chính, Thanh Xuân, Hà Nội",21.00694,105.8070309,024 3553 5333,4.2,778,Wheelchair accessible seating
Phuc Long Coffee Palm,"Tòa nhà The Golden Palm, 21 Đ. Lê Văn Lương, Nhân Chính, Thanh Xuân, Hà Nội",21.00694,105.8070309,024 3553 5333,4.2,778,No-contact delivery
Phuc Long Coffee Palm,"Tòa nhà The Golden Palm, 21 Đ. Lê Văn Lương, Nhân Chính, Thanh Xuân, Hà Nội",21.00694,105.8070309,024 3553 5333,4.2,778,Delivery
Phuc Long Coffee Palm,"Tòa nhà The Golden Palm, 21 Đ. Lê Văn Lương, Nhân Chính, Thanh Xuân, Hà Nội",21.00694,105.8070309,024 3553 5333,4.2,778,Takeout
Phuc Long Coffee Palm,"Tòa nhà The Golden Palm, 21 Đ. Lê Văn Lương, Nhân Chính, Thanh Xuân, Hà Nội",21.00694,105.8070309,024 3553 5333,4.2,778,Dine-in
Phuc Long Coffee Palm,"Tòa nhà The Golden Palm, 21 Đ. Lê Văn Lương, Nhân Chính, Thanh Xuân, Hà Nội",21.00694,105.8070309,024 3553 5333,4.2,778,Great coffee
Phuc Long Coffee Palm,"Tòa nhà The Golden Palm, 21 Đ. Lê Văn Lương, Nhân Chính, Thanh Xuân, Hà Nội",21.00694,105.8070309,024 3553 5333,4.2,778,Great dessert
Phuc Long Coffee Palm,"Tòa nhà The Golden Palm, 21 Đ. Lê Văn Lương, Nhân Chính, Thanh Xuân, Hà Nội",21.00694,105.8070309,024 3553 5333,4.2,778,Great tea selection
Phuc Long Coffee Palm,"Tòa nhà The Golden Palm, 21 Đ. Lê Văn Lương, Nhân Chính, Thanh Xuân, Hà Nội",21.00694,105.8070309,024 3553 5333,4.2,778,Good for working on laptop
Phuc Long Coffee Palm,"Tòa nhà The Golden Palm, 21 Đ. Lê Văn Lương, Nhân Chính, Thanh Xuân, Hà Nội",21.00694,105.8070309,024 3553 5333,4.2,778,Coffee
Phuc Long Coffee Palm,"Tòa nhà The Golden Palm, 21 Đ. Lê Văn Lương, Nhân Chính, Thanh Xuân, Hà Nội",21.00694,105.8070309,024 3553 5333,4.2,778,Quick bite
Phuc Long Coffee Palm,"Tòa nhà The Golden Palm, 21 Đ. Lê Văn Lương, Nhân Chính, Thanh Xuân, Hà Nội",21.00694,105.8070309,024 3553 5333,4.2,778,Breakfast
Phuc Long Coffee Palm,"Tòa nhà The Golden Palm, 21 Đ. Lê Văn Lương, Nhân Chính, Thanh Xuân, Hà Nội",21.00694,105.8070309,024 3553 5333,4.2,778,Brunch
Phuc Long Coffee Palm,"Tòa nhà The Golden Palm, 21 Đ. Lê Văn Lương, Nhân Chính, Thanh Xuân, Hà Nội",21.00694,105.8070309,024 3553 5333,4.2,778,Catering
Phuc Long Coffee Palm,"Tòa nhà The Golden Palm, 21 Đ. Lê Văn Lương, Nhân Chính, Thanh Xuân, Hà Nội",21.00694,105.8070309,024 3553 5333,4.2,778,Dessert
Phuc Long Coffee Palm,"Tòa nhà The Golden Palm, 21 Đ. Lê Văn Lương, Nhân Chính, Thanh Xuân, Hà Nội",21.00694,105.8070309,024 3553 5333,4.2,778,Restroom
Phuc Long Coffee Palm,"Tòa nhà The Golden Palm, 21 Đ. Lê Văn Lương, Nhân Chính, Thanh Xuân, Hà Nội",21.00694,105.8070309,024 3553 5333,4.2,778,Cozy
Phuc Long Coffee Palm,"Tòa nhà The Golden Palm, 21 Đ. Lê Văn Lương, Nhân Chính, Thanh Xuân, Hà Nội",21.00694,105.8070309,024 3553 5333,4.2,778,College students
Phuc Long Coffee Palm,"Tòa nhà The Golden Palm, 21 Đ. Lê Văn Lương, Nhân Chính, Thanh Xuân, Hà Nội",21.00694,105.8070309,024 3553 5333,4.2,778,Groups
Phuc Long Coffee Palm,"Tòa nhà The Golden Palm, 21 Đ. Lê Văn Lương, Nhân Chính, Thanh Xuân, Hà Nội",21.00694,105.8070309,024 3553 5333,4.2,778,Credit cards
Phuc Long Coffee Palm,"Tòa nhà The Golden Palm, 21 Đ. Lê Văn Lương, Nhân Chính, Thanh Xuân, Hà Nội",21.00694,105.8070309,024 3553 5333,4.2,778,Debit cards
Phuc Long Coffee Palm,"Tòa nhà The Golden Palm, 21 Đ. Lê Văn Lương, Nhân Chính, Thanh Xuân, Hà Nội",21.00694,105.8070309,024 3553 5333,4.2,778,NFC mobile payments
Phuc Long Coffee Palm,"Tòa nhà The Golden Palm, 21 Đ. Lê Văn Lương, Nhân Chính, Thanh Xuân, Hà Nội",21.00694,105.8070309,024 3553 5333,4.2,778,Credit cards
Phuc Long Coffee Palm,"Tòa nhà The Golden Palm, 21 Đ. Lê Văn Lương, Nhân Chính, Thanh Xuân, Hà Nội",21.00694,105.8070309,024 3553 5333,4.2,778,Good for kids
Phuc Long Coffee Palm,"Tòa nhà The Golden Palm, 21 Đ. Lê Văn Lương, Nhân Chính, Thanh Xuân, Hà Nội",21.00694,105.8070309,024 3553 5333,4.2,778,Free parking lot
Phuc Long Coffee Palm,"Tòa nhà The Golden Palm, 21 Đ. Lê Văn Lương, Nhân Chính, Thanh Xuân, Hà Nội",21.00694,105.8070309,024 3553 5333,4.2,778,Free street parking
Phuc Long Coffee Palm,"Tòa nhà The Golden Palm, 21 Đ. Lê Văn Lương, Nhân Chính, Thanh Xuân, Hà Nội",21.00694,105.8070309,024 3553 5333,4.2,778,Usually plenty of parking
Phuc Long Coffee & Tea,"69 Phố Trần Đại Nghĩa, Bách Khoa, Hai Bà Trưng, Hà Nội",21.0065133,105.8452036,024 3943 2222,3.5,565,No-contact delivery
Phuc Long Coffee & Tea,"69 Phố Trần Đại Nghĩa, Bách Khoa, Hai Bà Trưng, Hà Nội",21.0065133,105.8452036,024 3943 2222,3.5,565,Delivery
Phuc Long Coffee & Tea,"69 Phố Trần Đại Nghĩa, Bách Khoa, Hai Bà Trưng, Hà Nội",21.0065133,105.8452036,024 3943 2222,3.5,565,Takeout
Phuc Long Coffee & Tea,"69 Phố Trần Đại Nghĩa, Bách Khoa, Hai Bà Trưng, Hà Nội",21.0065133,105.8452036,024 3943 2222,3.5,565,Dine-in
Phuc Long Coffee & Tea,"69 Phố Trần Đại Nghĩa, Bách Khoa, Hai Bà Trưng, Hà Nội",21.0065133,105.8452036,024 3943 2222,3.5,565,Great coffee
Phuc Long Coffee & Tea,"69 Phố Trần Đại Nghĩa, Bách Khoa, Hai Bà Trưng, Hà Nội",21.0065133,105.8452036,024 3943 2222,3.5,565,Great dessert
Phuc Long Coffee & Tea,"69 Phố Trần Đại Nghĩa, Bách Khoa, Hai Bà Trưng, Hà Nội",21.0065133,105.8452036,024 3943 2222,3.5,565,Great tea selection
Phuc Long Coffee & Tea,"69 Phố Trần Đại Nghĩa, Bách Khoa, Hai Bà Trưng, Hà Nội",21.0065133,105.8452036,024 3943 2222,3.5,565,Good for working on laptop
Phuc Long Coffee & Tea,"69 Phố Trần Đại Nghĩa, Bách Khoa, Hai Bà Trưng, Hà Nội",21.0065133,105.8452036,024 3943 2222,3.5,565,Coffee
Phuc Long Coffee & Tea,"69 Phố Trần Đại Nghĩa, Bách Khoa, Hai Bà Trưng, Hà Nội",21.0065133,105.8452036,024 3943 2222,3.5,565,Quick bite
Phuc Long Coffee & Tea,"69 Phố Trần Đại Nghĩa, Bách Khoa, Hai Bà Trưng, Hà Nội",21.0065133,105.8452036,024 3943 2222,3.5,565,Breakfast
Phuc Long Coffee & Tea,"69 Phố Trần Đại Nghĩa, Bách Khoa, Hai Bà Trưng, Hà Nội",21.0065133,105.8452036,024 3943 2222,3.5,565,Brunch
Phuc Long Coffee & Tea,"69 Phố Trần Đại Nghĩa, Bách Khoa, Hai Bà Trưng, Hà Nội",21.0065133,105.8452036,024 3943 2222,3.5,565,Catering
Phuc Long Coffee & Tea,"69 Phố Trần Đại Nghĩa, Bách Khoa, Hai Bà Trưng, Hà Nội",21.0065133,105.8452036,024 3943 2222,3.5,565,Dessert
Phuc Long Coffee & Tea,"69 Phố Trần Đại Nghĩa, Bách Khoa, Hai Bà Trưng, Hà Nội",21.0065133,105.8452036,024 3943 2222,3.5,565,Table service
Phuc Long Coffee & Tea,"69 Phố Trần Đại Nghĩa, Bách Khoa, Hai Bà Trưng, Hà Nội",21.0065133,105.8452036,024 3943 2222,3.5,565,Restroom
Phuc Long Coffee & Tea,"69 Phố Trần Đại Nghĩa, Bách Khoa, Hai Bà Trưng, Hà Nội",21.0065133,105.8452036,024 3943 2222,3.5,565,Casual
Phuc Long Coffee & Tea,"69 Phố Trần Đại Nghĩa, Bách Khoa, Hai Bà Trưng, Hà Nội",21.0065133,105.8452036,024 3943 2222,3.5,565,Cozy
Phuc Long Coffee & Tea,"69 Phố Trần Đại Nghĩa, Bách Khoa, Hai Bà Trưng, Hà Nội",21.0065133,105.8452036,024 3943 2222,3.5,565,Romantic
Phuc Long Coffee & Tea,"69 Phố Trần Đại Nghĩa, Bách Khoa, Hai Bà Trưng, Hà Nội",21.0065133,105.8452036,024 3943 2222,3.5,565,College students
Phuc Long Coffee & Tea,"69 Phố Trần Đại Nghĩa, Bách Khoa, Hai Bà Trưng, Hà Nội",21.0065133,105.8452036,024 3943 2222,3.5,565,Groups
Phuc Long Coffee & Tea,"69 Phố Trần Đại Nghĩa, Bách Khoa, Hai Bà Trưng, Hà Nội",21.0065133,105.8452036,024 3943 2222,3.5,565,Tourists
Phuc Long Coffee & Tea,"69 Phố Trần Đại Nghĩa, Bách Khoa, Hai Bà Trưng, Hà Nội",21.0065133,105.8452036,024 3943 2222,3.5,565,Accepts reservations
Phuc Long Coffee & Tea,"69 Phố Trần Đại Nghĩa, Bách Khoa, Hai Bà Trưng, Hà Nội",21.0065133,105.8452036,024 3943 2222,3.5,565,Credit cards
Phuc Long Coffee & Tea,"69 Phố Trần Đại Nghĩa, Bách Khoa, Hai Bà Trưng, Hà Nội",21.0065133,105.8452036,024 3943 2222,3.5,565,Free parking lot
Phuc Long Coffee & Tea,"69 Phố Trần Đại Nghĩa, Bách Khoa, Hai Bà Trưng, Hà Nội",21.0065133,105.8452036,024 3943 2222,3.5,565,Free street parking
Phúc long coffee &tea,"05 P. Hoàng Đạo Thúy, Nhân Chính, Cầu Giấy, Hà Nội 100000",21.0073403,105.8012652,028 7100 1968,3.9,111,Takeout
Phúc long coffee &tea,"05 P. Hoàng Đạo Thúy, Nhân Chính, Cầu Giấy, Hà Nội 100000",21.0073403,105.8012652,028 7100 1968,3.9,111,Dine-in
Phúc long coffee &tea,"05 P. Hoàng Đạo Thúy, Nhân Chính, Cầu Giấy, Hà Nội 100000",21.0073403,105.8012652,028 7100 1968,3.9,111,Great coffee
Phúc long coffee &tea,"05 P. Hoàng Đạo Thúy, Nhân Chính, Cầu Giấy, Hà Nội 100000",21.0073403,105.8012652,028 7100 1968,3.9,111,Great dessert
Phúc long coffee &tea,"05 P. Hoàng Đạo Thúy, Nhân Chính, Cầu Giấy, Hà Nội 100000",21.0073403,105.8012652,028 7100 1968,3.9,111,Great tea selection
Phúc long coffee &tea,"05 P. Hoàng Đạo Thúy, Nhân Chính, Cầu Giấy, Hà Nội 100000",21.0073403,105.8012652,028 7100 1968,3.9,111,Good for working on laptop
Phúc long coffee &tea,"05 P. Hoàng Đạo Thúy, Nhân Chính, Cầu Giấy, Hà Nội 100000",21.0073403,105.8012652,028 7100 1968,3.9,111,Coffee
Phúc long coffee &tea,"05 P. Hoàng Đạo Thúy, Nhân Chính, Cầu Giấy, Hà Nội 100000",21.0073403,105.8012652,028 7100 1968,3.9,111,Catering
Phúc long coffee &tea,"05 P. Hoàng Đạo Thúy, Nhân Chính, Cầu Giấy, Hà Nội 100000",21.0073403,105.8012652,028 7100 1968,3.9,111,Dessert
Phúc long coffee &tea,"05 P. Hoàng Đạo Thúy, Nhân Chính, Cầu Giấy, Hà Nội 100000",21.0073403,105.8012652,028 7100 1968,3.9,111,Restroom
Phúc long coffee &tea,"05 P. Hoàng Đạo Thúy, Nhân Chính, Cầu Giấy, Hà Nội 100000",21.0073403,105.8012652,028 7100 1968,3.9,111,Casual
Phúc long coffee &tea,"05 P. Hoàng Đạo Thúy, Nhân Chính, Cầu Giấy, Hà Nội 100000",21.0073403,105.8012652,028 7100 1968,3.9,111,Cozy
Phúc long coffee &tea,"05 P. Hoàng Đạo Thúy, Nhân Chính, Cầu Giấy, Hà Nội 100000",21.0073403,105.8012652,028 7100 1968,3.9,111,College students
Phúc long coffee &tea,"05 P. Hoàng Đạo Thúy, Nhân Chính, Cầu Giấy, Hà Nội 100000",21.0073403,105.8012652,028 7100 1968,3.9,111,Groups
Phúc long coffee &tea,"05 P. Hoàng Đạo Thúy, Nhân Chính, Cầu Giấy, Hà Nội 100000",21.0073403,105.8012652,028 7100 1968,3.9,111,Credit cards
Phúc long coffee &tea,"05 P. Hoàng Đạo Thúy, Nhân Chính, Cầu Giấy, Hà Nội 100000",21.0073403,105.8012652,028 7100 1968,3.9,111,NFC mobile payments
Phúc long coffee &tea,"05 P. Hoàng Đạo Thúy, Nhân Chính, Cầu Giấy, Hà Nội 100000",21.0073403,105.8012652,028 7100 1968,3.9,111,Good for kids
Phuc Long Coffee & Tea,"1 P. Thái Hà, Trung Liệt, Đống Đa, Hà Nội 000084",21.0090471,105.8235447,,3.8,251,Takeout
Phuc Long Coffee & Tea,"1 P. Thái Hà, Trung Liệt, Đống Đa, Hà Nội 000084",21.0090471,105.8235447,,3.8,251,Dine-in
Phuc Long Coffee & Tea,"1 P. Thái Hà, Trung Liệt, Đống Đa, Hà Nội 000084",21.0090471,105.8235447,,3.8,251,Great coffee
Phuc Long Coffee & Tea,"1 P. Thái Hà, Trung Liệt, Đống Đa, Hà Nội 000084",21.0090471,105.8235447,,3.8,251,Great tea selection
Phuc Long Coffee & Tea,"1 P. Thái Hà, Trung Liệt, Đống Đa, Hà Nội 000084",21.0090471,105.8235447,,3.8,251,Coffee
Phuc Long Coffee & Tea,"1 P. Thái Hà, Trung Liệt, Đống Đa, Hà Nội 000084",21.0090471,105.8235447,,3.8,251,Catering
Phuc Long Coffee & Tea,"1 P. Thái Hà, Trung Liệt, Đống Đa, Hà Nội 000084",21.0090471,105.8235447,,3.8,251,Table service
Phuc Long Coffee & Tea,"1 P. Thái Hà, Trung Liệt, Đống Đa, Hà Nội 000084",21.0090471,105.8235447,,3.8,251,Restroom
Phuc Long Coffee & Tea,"1 P. Thái Hà, Trung Liệt, Đống Đa, Hà Nội 000084",21.0090471,105.8235447,,3.8,251,Casual
Phuc Long Coffee & Tea,"1 P. Thái Hà, Trung Liệt, Đống Đa, Hà Nội 000084",21.0090471,105.8235447,,3.8,251,Cozy
Phuc Long Coffee & Tea,"1 P. Thái Hà, Trung Liệt, Đống Đa, Hà Nội 000084",21.0090471,105.8235447,,3.8,251,College students
Phuc Long Coffee & Tea,"1 P. Thái Hà, Trung Liệt, Đống Đa, Hà Nội 000084",21.0090471,105.8235447,,3.8,251,Groups
Phuc Long Coffee & Tea,"1 P. Thái Hà, Trung Liệt, Đống Đa, Hà Nội 000084",21.0090471,105.8235447,,3.8,251,Credit cards
Phuc Long Coffee & Tea,"1 P. Thái Hà, Trung Liệt, Đống Đa, Hà Nội 000084",21.0090471,105.8235447,,3.8,251,Good for kids
Phuc Long Coffee & Tea,"1 P. Thái Hà, Trung Liệt, Đống Đa, Hà Nội 000084",21.0090471,105.8235447,,3.8,251,Free parking lot
Phuc Long Coffee & Tea,"1 P. Thái Hà, Trung Liệt, Đống Đa, Hà Nội 000084",21.0090471,105.8235447,,3.8,251,Usually plenty of parking
Phuc Long Coffee & Tea,"1 P. Thái Hà, Trung Liệt, Đống Đa, Hà Nội 000084",21.0090471,105.8235447,,3.8,251,Valet parking
Phuc Long Coffee & Tea (Phúc Long Vũ Trọng Phụng),"81 Đ. Vũ Trọng Phụng, Khu chung cư Hapulico, Thanh Xuân, Hà Nội",21.0001954,105.8070068,028 7100 1968 ext. 20858,3.6,71,Takeout
Phuc Long Coffee & Tea (Phúc Long Vũ Trọng Phụng),"81 Đ. Vũ Trọng Phụng, Khu chung cư Hapulico, Thanh Xuân, Hà Nội",21.0001954,105.8070068,028 7100 1968 ext. 20858,3.6,71,Dine-in
Phuc Long Coffee & Tea (Phúc Long Vũ Trọng Phụng),"81 Đ. Vũ Trọng Phụng, Khu chung cư Hapulico, Thanh Xuân, Hà Nội",21.0001954,105.8070068,028 7100 1968 ext. 20858,3.6,71,Great coffee
Phuc Long Coffee & Tea (Phúc Long Vũ Trọng Phụng),"81 Đ. Vũ Trọng Phụng, Khu chung cư Hapulico, Thanh Xuân, Hà Nội",21.0001954,105.8070068,028 7100 1968 ext. 20858,3.6,71,Great dessert
Phuc Long Coffee & Tea (Phúc Long Vũ Trọng Phụng),"81 Đ. Vũ Trọng Phụng, Khu chung cư Hapulico, Thanh Xuân, Hà Nội",21.0001954,105.8070068,028 7100 1968 ext. 20858,3.6,71,Great tea selection
Phuc Long Coffee & Tea (Phúc Long Vũ Trọng Phụng),"81 Đ. Vũ Trọng Phụng, Khu chung cư Hapulico, Thanh Xuân, Hà Nội",21.0001954,105.8070068,028 7100 1968 ext. 20858,3.6,71,Good for working on laptop
Phuc Long Coffee & Tea (Phúc Long Vũ Trọng Phụng),"81 Đ. Vũ Trọng Phụng, Khu chung cư Hapulico, Thanh Xuân, Hà Nội",21.0001954,105.8070068,028 7100 1968 ext. 20858,3.6,71,Coffee
Phuc Long Coffee & Tea (Phúc Long Vũ Trọng Phụng),"81 Đ. Vũ Trọng Phụng, Khu chung cư Hapulico, Thanh Xuân, Hà Nội",21.0001954,105.8070068,028 7100 1968 ext. 20858,3.6,71,Catering
Phuc Long Coffee & Tea (Phúc Long Vũ Trọng Phụng),"81 Đ. Vũ Trọng Phụng, Khu chung cư Hapulico, Thanh Xuân, Hà Nội",21.0001954,105.8070068,028 7100 1968 ext. 20858,3.6,71,Dessert
Phuc Long Coffee & Tea (Phúc Long Vũ Trọng Phụng),"81 Đ. Vũ Trọng Phụng, Khu chung cư Hapulico, Thanh Xuân, Hà Nội",21.0001954,105.8070068,028 7100 1968 ext. 20858,3.6,71,Restroom
Phuc Long Coffee & Tea (Phúc Long Vũ Trọng Phụng),"81 Đ. Vũ Trọng Phụng, Khu chung cư Hapulico, Thanh Xuân, Hà Nội",21.0001954,105.8070068,028 7100 1968 ext. 20858,3.6,71,Cozy
Phuc Long Coffee & Tea (Phúc Long Vũ Trọng Phụng),"81 Đ. Vũ Trọng Phụng, Khu chung cư Hapulico, Thanh Xuân, Hà Nội",21.0001954,105.8070068,028 7100 1968 ext. 20858,3.6,71,College students
Phuc Long Coffee & Tea (Phúc Long Vũ Trọng Phụng),"81 Đ. Vũ Trọng Phụng, Khu chung cư Hapulico, Thanh Xuân, Hà Nội",21.0001954,105.8070068,028 7100 1968 ext. 20858,3.6,71,Groups
Phuc Long Coffee & Tea (Phúc Long Vũ Trọng Phụng),"81 Đ. Vũ Trọng Phụng, Khu chung cư Hapulico, Thanh Xuân, Hà Nội",21.0001954,105.8070068,028 7100 1968 ext. 20858,3.6,71,Credit cards
Phuc Long Coffee & Tea (Phúc Long Vũ Trọng Phụng),"81 Đ. Vũ Trọng Phụng, Khu chung cư Hapulico, Thanh Xuân, Hà Nội",21.0001954,105.8070068,028 7100 1968 ext. 20858,3.6,71,NFC mobile payments
Phuc Long Coffee & Tea (Phúc Long Vũ Trọng Phụng),"81 Đ. Vũ Trọng Phụng, Khu chung cư Hapulico, Thanh Xuân, Hà Nội",21.0001954,105.8070068,028 7100 1968 ext. 20858,3.6,71,Good for kids
Phuc Long Coffee & Tea (Phúc Long Vũ Trọng Phụng),"81 Đ. Vũ Trọng Phụng, Khu chung cư Hapulico, Thanh Xuân, Hà Nội",21.0001954,105.8070068,028 7100 1968 ext. 20858,3.6,71,Free parking lot
Phuc Long Coffee & Tea (Phúc Long Vũ Trọng Phụng),"81 Đ. Vũ Trọng Phụng, Khu chung cư Hapulico, Thanh Xuân, Hà Nội",21.0001954,105.8070068,028 7100 1968 ext. 20858,3.6,71,Usually plenty of parking
Phúc Long Tea & Coffee - Green Diamond,"Tầng 1 Tòa nhà Green Diamond, 93 Láng Hạ, phường Láng Hạ, Quận Đống Đa, Hà Nội Ha Noi, Hanoi City",21.0150737,105.814196,028 7100 1968,3.4,39,No-contact delivery
Phúc Long Tea & Coffee - Green Diamond,"Tầng 1 Tòa nhà Green Diamond, 93 Láng Hạ, phường Láng Hạ, Quận Đống Đa, Hà Nội Ha Noi, Hanoi City",21.0150737,105.814196,028 7100 1968,3.4,39,Takeout
Phúc Long Tea & Coffee - Green Diamond,"Tầng 1 Tòa nhà Green Diamond, 93 Láng Hạ, phường Láng Hạ, Quận Đống Đa, Hà Nội Ha Noi, Hanoi City",21.0150737,105.814196,028 7100 1968,3.4,39,Dine-in
Phúc Long Tea & Coffee - Green Diamond,"Tầng 1 Tòa nhà Green Diamond, 93 Láng Hạ, phường Láng Hạ, Quận Đống Đa, Hà Nội Ha Noi, Hanoi City",21.0150737,105.814196,028 7100 1968,3.4,39,Coffee
Phúc Long Coffee & Tea - Times City,"SO - 01, T5/458 P. Minh Khai, Khu đô thị Times City, Hai Bà Trưng, Hà Nội",20.9963402,105.8682399,028 7100 1968,3.8,136,Takeout
Phúc Long Coffee & Tea - Times City,"SO - 01, T5/458 P. Minh Khai, Khu đô thị Times City, Hai Bà Trưng, Hà Nội",20.9963402,105.8682399,028 7100 1968,3.8,136,Dine-in
Phúc Long Coffee & Tea - Times City,"SO - 01, T5/458 P. Minh Khai, Khu đô thị Times City, Hai Bà Trưng, Hà Nội",20.9963402,105.8682399,028 7100 1968,3.8,136,Great coffee
Phúc Long Coffee & Tea - Times City,"SO - 01, T5/458 P. Minh Khai, Khu đô thị Times City, Hai Bà Trưng, Hà Nội",20.9963402,105.8682399,028 7100 1968,3.8,136,Great dessert
Phúc Long Coffee & Tea - Times City,"SO - 01, T5/458 P. Minh Khai, Khu đô thị Times City, Hai Bà Trưng, Hà Nội",20.9963402,105.8682399,028 7100 1968,3.8,136,Great tea selection
Phúc Long Coffee & Tea - Times City,"SO - 01, T5/458 P. Minh Khai, Khu đô thị Times City, Hai Bà Trưng, Hà Nội",20.9963402,105.8682399,028 7100 1968,3.8,136,Good for working on laptop
Phúc Long Coffee & Tea - Times City,"SO - 01, T5/458 P. Minh Khai, Khu đô thị Times City, Hai Bà Trưng, Hà Nội",20.9963402,105.8682399,028 7100 1968,3.8,136,Coffee
Phúc Long Coffee & Tea - Times City,"SO - 01, T5/458 P. Minh Khai, Khu đô thị Times City, Hai Bà Trưng, Hà Nội",20.9963402,105.8682399,028 7100 1968,3.8,136,Quick bite
Phúc Long Coffee & Tea - Times City,"SO - 01, T5/458 P. Minh Khai, Khu đô thị Times City, Hai Bà Trưng, Hà Nội",20.9963402,105.8682399,028 7100 1968,3.8,136,Catering
Phúc Long Coffee & Tea - Times City,"SO - 01, T5/458 P. Minh Khai, Khu đô thị Times City, Hai Bà Trưng, Hà Nội",20.9963402,105.8682399,028 7100 1968,3.8,136,Dessert
Phúc Long Coffee & Tea - Times City,"SO - 01, T5/458 P. Minh Khai, Khu đô thị Times City, Hai Bà Trưng, Hà Nội",20.9963402,105.8682399,028 7100 1968,3.8,136,Restroom
Phúc Long Coffee & Tea - Times City,"SO - 01, T5/458 P. Minh Khai, Khu đô thị Times City, Hai Bà Trưng, Hà Nội",20.9963402,105.8682399,028 7100 1968,3.8,136,Cozy
Phúc Long Coffee & Tea - Times City,"SO - 01, T5/458 P. Minh Khai, Khu đô thị Times City, Hai Bà Trưng, Hà Nội",20.9963402,105.8682399,028 7100 1968,3.8,136,College students
Phúc Long Coffee & Tea - Times City,"SO - 01, T5/458 P. Minh Khai, Khu đô thị Times City, Hai Bà Trưng, Hà Nội",20.9963402,105.8682399,028 7100 1968,3.8,136,Groups
Phúc Long Coffee & Tea - Times City,"SO - 01, T5/458 P. Minh Khai, Khu đô thị Times City, Hai Bà Trưng, Hà Nội",20.9963402,105.8682399,028 7100 1968,3.8,136,Credit cards
Phúc Long Coffee & Tea - Times City,"SO - 01, T5/458 P. Minh Khai, Khu đô thị Times City, Hai Bà Trưng, Hà Nội",20.9963402,105.8682399,028 7100 1968,3.8,136,Debit cards
Phúc Long Coffee & Tea - Times City,"SO - 01, T5/458 P. Minh Khai, Khu đô thị Times City, Hai Bà Trưng, Hà Nội",20.9963402,105.8682399,028 7100 1968,3.8,136,NFC mobile payments
Phúc Long Coffee & Tea - Times City,"SO - 01, T5/458 P. Minh Khai, Khu đô thị Times City, Hai Bà Trưng, Hà Nội",20.9963402,105.8682399,028 7100 1968,3.8,136,Good for kids
Phúc Long Coffee & Tea - Times City,"SO - 01, T5/458 P. Minh Khai, Khu đô thị Times City, Hai Bà Trưng, Hà Nội",20.9963402,105.8682399,028 7100 1968,3.8,136,Free parking lot
Phúc Long Coffee & Tea - Times City,"SO - 01, T5/458 P. Minh Khai, Khu đô thị Times City, Hai Bà Trưng, Hà Nội",20.9963402,105.8682399,028 7100 1968,3.8,136,Paid parking garage
Phúc Long Coffee & Tea - Times City,"SO - 01, T5/458 P. Minh Khai, Khu đô thị Times City, Hai Bà Trưng, Hà Nội",20.9963402,105.8682399,028 7100 1968,3.8,136,Paid parking lot
Phúc Long Coffee & Tea - Times City,"SO - 01, T5/458 P. Minh Khai, Khu đô thị Times City, Hai Bà Trưng, Hà Nội",20.9963402,105.8682399,028 7100 1968,3.8,136,Usually plenty of parking
Phúc Long Coffee & Tea - Times City,"SO - 01, T5/458 P. Minh Khai, Khu đô thị Times City, Hai Bà Trưng, Hà Nội",20.9963402,105.8682399,028 7100 1968,3.8,136,Valet parking
Phuc Long Coffee & Tea Vincom Royal City,"72A Đ. Nguyễn Trãi, Khu đô thị Royal City, Thanh Xuân, Hà Nội",21.0027074,105.8150651,,4.5,165,Wheelchair accessible restroom
Phuc Long Coffee & Tea Vincom Royal City,"72A Đ. Nguyễn Trãi, Khu đô thị Royal City, Thanh Xuân, Hà Nội",21.0027074,105.8150651,,4.5,165,No-contact delivery
Phuc Long Coffee & Tea Vincom Royal City,"72A Đ. Nguyễn Trãi, Khu đô thị Royal City, Thanh Xuân, Hà Nội",21.0027074,105.8150651,,4.5,165,Delivery
Phuc Long Coffee & Tea Vincom Royal City,"72A Đ. Nguyễn Trãi, Khu đô thị Royal City, Thanh Xuân, Hà Nội",21.0027074,105.8150651,,4.5,165,Takeout
Phuc Long Coffee & Tea Vincom Royal City,"72A Đ. Nguyễn Trãi, Khu đô thị Royal City, Thanh Xuân, Hà Nội",21.0027074,105.8150651,,4.5,165,Dine-in
Phuc Long Coffee & Tea Vincom Royal City,"72A Đ. Nguyễn Trãi, Khu đô thị Royal City, Thanh Xuân, Hà Nội",21.0027074,105.8150651,,4.5,165,Great coffee
Phuc Long Coffee & Tea Vincom Royal City,"72A Đ. Nguyễn Trãi, Khu đô thị Royal City, Thanh Xuân, Hà Nội",21.0027074,105.8150651,,4.5,165,Great dessert
Phuc Long Coffee & Tea Vincom Royal City,"72A Đ. Nguyễn Trãi, Khu đô thị Royal City, Thanh Xuân, Hà Nội",21.0027074,105.8150651,,4.5,165,Great tea selection
Phuc Long Coffee & Tea Vincom Royal City,"72A Đ. Nguyễn Trãi, Khu đô thị Royal City, Thanh Xuân, Hà Nội",21.0027074,105.8150651,,4.5,165,Good for working on laptop
Phuc Long Coffee & Tea Vincom Royal City,"72A Đ. Nguyễn Trãi, Khu đô thị Royal City, Thanh Xuân, Hà Nội",21.0027074,105.8150651,,4.5,165,Coffee
Phuc Long Coffee & Tea Vincom Royal City,"72A Đ. Nguyễn Trãi, Khu đô thị Royal City, Thanh Xuân, Hà Nội",21.0027074,105.8150651,,4.5,165,Quick bite
Phuc Long Coffee & Tea Vincom Royal City,"72A Đ. Nguyễn Trãi, Khu đô thị Royal City, Thanh Xuân, Hà Nội",21.0027074,105.8150651,,4.5,165,Catering
Phuc Long Coffee & Tea Vincom Royal City,"72A Đ. Nguyễn Trãi, Khu đô thị Royal City, Thanh Xuân, Hà Nội",21.0027074,105.8150651,,4.5,165,Dessert
Phuc Long Coffee & Tea Vincom Royal City,"72A Đ. Nguyễn Trãi, Khu đô thị Royal City, Thanh Xuân, Hà Nội",21.0027074,105.8150651,,4.5,165,Restroom
Phuc Long Coffee & Tea Vincom Royal City,"72A Đ. Nguyễn Trãi, Khu đô thị Royal City, Thanh Xuân, Hà Nội",21.0027074,105.8150651,,4.5,165,Cozy
Phuc Long Coffee & Tea Vincom Royal City,"72A Đ. Nguyễn Trãi, Khu đô thị Royal City, Thanh Xuân, Hà Nội",21.0027074,105.8150651,,4.5,165,College students
Phuc Long Coffee & Tea Vincom Royal City,"72A Đ. Nguyễn Trãi, Khu đô thị Royal City, Thanh Xuân, Hà Nội",21.0027074,105.8150651,,4.5,165,Groups
Phuc Long Coffee & Tea Vincom Royal City,"72A Đ. Nguyễn Trãi, Khu đô thị Royal City, Thanh Xuân, Hà Nội",21.0027074,105.8150651,,4.5,165,Accepts reservations
Phuc Long Coffee & Tea Vincom Royal City,"72A Đ. Nguyễn Trãi, Khu đô thị Royal City, Thanh Xuân, Hà Nội",21.0027074,105.8150651,,4.5,165,Credit cards
Phuc Long Coffee & Tea Vincom Royal City,"72A Đ. Nguyễn Trãi, Khu đô thị Royal City, Thanh Xuân, Hà Nội",21.0027074,105.8150651,,4.5,165,Debit cards
Phuc Long Coffee & Tea Vincom Royal City,"72A Đ. Nguyễn Trãi, Khu đô thị Royal City, Thanh Xuân, Hà Nội",21.0027074,105.8150651,,4.5,165,NFC mobile payments
Phuc Long Coffee & Tea Vincom Royal City,"72A Đ. Nguyễn Trãi, Khu đô thị Royal City, Thanh Xuân, Hà Nội",21.0027074,105.8150651,,4.5,165,Good for kids
Phuc Long Coffee and Tea,"5 Ng. 30 P. Tạ Quang Bửu, Bách Khoa, Hai Bà Trưng, Hà Nội, Vietnam",21.0066135,105.8465341,+84 24 3943 2222,3.2,33,Delivery
Phuc Long Coffee and Tea,"5 Ng. 30 P. Tạ Quang Bửu, Bách Khoa, Hai Bà Trưng, Hà Nội, Vietnam",21.0066135,105.8465341,+84 24 3943 2222,3.2,33,Takeout
Phuc Long Coffee and Tea,"5 Ng. 30 P. Tạ Quang Bửu, Bách Khoa, Hai Bà Trưng, Hà Nội, Vietnam",21.0066135,105.8465341,+84 24 3943 2222,3.2,33,Dine-in
Phuc Long Coffee and Tea,"5 Ng. 30 P. Tạ Quang Bửu, Bách Khoa, Hai Bà Trưng, Hà Nội, Vietnam",21.0066135,105.8465341,+84 24 3943 2222,3.2,33,Great coffee
Phuc Long Coffee and Tea,"5 Ng. 30 P. Tạ Quang Bửu, Bách Khoa, Hai Bà Trưng, Hà Nội, Vietnam",21.0066135,105.8465341,+84 24 3943 2222,3.2,33,Great dessert
Phuc Long Coffee and Tea,"5 Ng. 30 P. Tạ Quang Bửu, Bách Khoa, Hai Bà Trưng, Hà Nội, Vietnam",21.0066135,105.8465341,+84 24 3943 2222,3.2,33,Great tea selection
Phuc Long Coffee and Tea,"5 Ng. 30 P. Tạ Quang Bửu, Bách Khoa, Hai Bà Trưng, Hà Nội, Vietnam",21.0066135,105.8465341,+84 24 3943 2222,3.2,33,Coffee
Phuc Long Coffee and Tea,"5 Ng. 30 P. Tạ Quang Bửu, Bách Khoa, Hai Bà Trưng, Hà Nội, Vietnam",21.0066135,105.8465341,+84 24 3943 2222,3.2,33,Dessert
Phuc Long Coffee and Tea,"5 Ng. 30 P. Tạ Quang Bửu, Bách Khoa, Hai Bà Trưng, Hà Nội, Vietnam",21.0066135,105.8465341,+84 24 3943 2222,3.2,33,Restroom
Phuc Long Coffee and Tea,"5 Ng. 30 P. Tạ Quang Bửu, Bách Khoa, Hai Bà Trưng, Hà Nội, Vietnam",21.0066135,105.8465341,+84 24 3943 2222,3.2,33,Casual
Phuc Long Coffee and Tea,"5 Ng. 30 P. Tạ Quang Bửu, Bách Khoa, Hai Bà Trưng, Hà Nội, Vietnam",21.0066135,105.8465341,+84 24 3943 2222,3.2,33,Cozy
Phuc Long Coffee and Tea,"5 Ng. 30 P. Tạ Quang Bửu, Bách Khoa, Hai Bà Trưng, Hà Nội, Vietnam",21.0066135,105.8465341,+84 24 3943 2222,3.2,33,Groups
Phuc Long Coffee and Tea,"5 Ng. 30 P. Tạ Quang Bửu, Bách Khoa, Hai Bà Trưng, Hà Nội, Vietnam",21.0066135,105.8465341,+84 24 3943 2222,3.2,33,Debit cards
Phuc Long Coffee and Tea,"5 Ng. 30 P. Tạ Quang Bửu, Bách Khoa, Hai Bà Trưng, Hà Nội, Vietnam",21.0066135,105.8465341,+84 24 3943 2222,3.2,33,NFC mobile payments
Phuc Long Coffee and Tea,"5 Ng. 30 P. Tạ Quang Bửu, Bách Khoa, Hai Bà Trưng, Hà Nội, Vietnam",21.0066135,105.8465341,+84 24 3943 2222,3.2,33,Credit cards
Phuc Long Coffee and Tea,"5 Ng. 30 P. Tạ Quang Bửu, Bách Khoa, Hai Bà Trưng, Hà Nội, Vietnam",21.0066135,105.8465341,+84 24 3943 2222,3.2,33,Good for kids
