date,platform,category,name,change,percentage
2023-01-01,pc,Windows Version,Other,-0.0005,0.0008
2023-01-01,pc,Windows Version,Windows 10,0.0005,0.0005
2023-01-01,pc,Windows Version,Windows 10 64 bit,-0.0195,0.6609
2023-01-01,pc,Windows Version,Windows 11 64 bit,0.0203,0.3159
2023-01-01,pc,Windows Version,Windows 7,0.0,0.0011
2023-01-01,pc,Windows Version,Windows 7 64 bit,-0.0006,0.0167
2023-01-01,pc,Windows Version,Windows 8.1 64 bit,-0.0003,0.004
2023-02-01,mac,OSX Version,MacOS 10.13.6 64 bit,0.0,0.033
2023-02-01,mac,OSX Version,MacOS 10.14.6 64 bit,-0.004,0.0219
2023-02-01,mac,OSX Version,MacOS 10.15.7 64 bit,-0.0025,0.0562
2023-02-01,mac,OSX Version,MacOS 12.4.0 64 bit,-0.0073,0.0351
2023-02-01,mac,OSX Version,MacOS 12.5.0 64 bit,-0.0063,0.0299
2023-02-01,mac,OSX Version,MacOS 12.5.1 64 bit,-0.0087,0.0297
2023-02-01,mac,OSX Version,MacOS 12.6.0 64 bit,-0.026,0.0551
2023-02-01,mac,OSX Version,MacOS 12.6.2 64 bit,-0.0128,0.0269
2023-02-01,mac,OSX Version,MacOS 12.6.3 64 bit,0.045,0.045
2023-02-01,mac,OSX Version,MacOS 13.0.0 64 bit,-0.0028,0.0382
2023-02-01,mac,OSX Version,MacOS 13.0.1 64 bit,-0.0626,0.0711
2023-02-01,mac,OSX Version,MacOS 13.1.0 64 bit,-0.0204,0.1794
2023-02-01,mac,OSX Version,MacOS 13.2.0 64 bit,0.0866,0.1103
2023-02-01,mac,OSX Version,MacOS 13.2.1 64 bit,0.0561,0.0561
2023-02-01,mac,OSX Version,Other,0.0264,0.2121
2023-02-01,pc,Windows Version,Other,0.0004,0.0012
2023-02-01,pc,Windows Version,Windows 10 64 bit,-0.0141,0.6468
2023-02-01,pc,Windows Version,Windows 11 64 bit,0.0168,0.3327
2023-02-01,pc,Windows Version,Windows 7,-0.0001,0.001
2023-02-01,pc,Windows Version,Windows 7 64 bit,-0.0019,0.0148
2023-02-01,pc,Windows Version,Windows 8.1 64 bit,-0.0004,0.0036
2023-03-01,linux,Linux Version,"""Arch Linux"" 64 bit",0.0019,0.1036
2023-03-01,linux,Linux Version,"""Manjaro Linux"" 64 bit",0.0045,0.0695
2023-03-01,linux,Linux Version,"""SteamOS Holo"" 64 bit",0.0015,0.212
2023-03-01,linux,Linux Version,Freedesktop.org SDK 22.08 (Flatpak runtime) 64 bit,-0.0017,0.071
2023-03-01,linux,Linux Version,Other,0.0833,0.4479
2023-03-01,linux,Linux Version,Ubuntu 22.04.2 LTS 64 bit,0.0961,0.0961
2023-03-01,mac,OSX Version,MacOS 10.15.7 64 bit,-0.0017,0.0545
2023-03-01,mac,OSX Version,MacOS 12.6.0 64 bit,-0.0127,0.0424
2023-03-01,mac,OSX Version,MacOS 12.6.3 64 bit,0.0202,0.0652
2023-03-01,mac,OSX Version,MacOS 13.0.1 64 bit,-0.0223,0.0488
2023-03-01,mac,OSX Version,MacOS 13.1.0 64 bit,-0.0971,0.0823
2023-03-01,mac,OSX Version,MacOS 13.2.0 64 bit,-0.0725,0.0378
2023-03-01,mac,OSX Version,MacOS 13.2.1 64 bit,0.2318,0.2879
2023-03-01,mac,OSX Version,Other,0.1688,0.3809
2023-03-01,pc,Windows Version,Other,-0.0004,0.0008
2023-03-01,pc,Windows Version,Windows 10 64 bit,0.1097,0.7565
2023-03-01,pc,Windows Version,Windows 11 64 bit,-0.1035,0.2292
2023-03-01,pc,Windows Version,Windows 7,-0.0005,0.0005
2023-03-01,pc,Windows Version,Windows 7 64 bit,-0.004,0.0108
2023-03-01,pc,Windows Version,Windows 8.1 64 bit,-0.0016,0.002
2023-04-01,linux,Linux Version,"""Arch Linux"" 64 bit",-0.0057,0.0979
2023-04-01,linux,Linux Version,"""Manjaro Linux"" 64 bit",-0.007,0.0625
2023-04-01,linux,Linux Version,"""SteamOS Holo"" 64 bit",0.0157,0.2277
2023-04-01,linux,Linux Version,Freedesktop.org SDK 22.08 (Flatpak runtime) 64 bit,0.0051,0.0761
2023-04-01,linux,Linux Version,Linux Mint 21.1 64 bit,0.0497,0.0497
2023-04-01,linux,Linux Version,Other,-0.1089,0.339
2023-04-01,linux,Linux Version,Pop!_OS 22.04 LTS 64 bit,0.0386,0.0386
2023-04-01,linux,Linux Version,Ubuntu 22.04.2 LTS 64 bit,0.0123,0.1084
2023-04-01,mac,OSX Version,MacOS 10.13.6 64 bit,0.0329,0.0329
2023-04-01,mac,OSX Version,MacOS 10.15.7 64 bit,-0.0025,0.052
2023-04-01,mac,OSX Version,MacOS 12.4.0 64 bit,0.0252,0.0252
2023-04-01,mac,OSX Version,MacOS 12.5.0 64 bit,0.0233,0.0233
2023-04-01,mac,OSX Version,MacOS 12.5.1 64 bit,0.0229,0.0229
2023-04-01,mac,OSX Version,MacOS 12.6.0 64 bit,-0.0084,0.034
2023-04-01,mac,OSX Version,MacOS 12.6.3 64 bit,-0.0178,0.0474
2023-04-01,mac,OSX Version,MacOS 13.0.0 64 bit,0.0321,0.0321
2023-04-01,mac,OSX Version,MacOS 13.0.1 64 bit,-0.0173,0.0315
2023-04-01,mac,OSX Version,MacOS 13.1.0 64 bit,-0.0377,0.0446
2023-04-01,mac,OSX Version,MacOS 13.2.1 64 bit,-0.066,0.2219
2023-04-01,mac,OSX Version,MacOS 13.3.0 64 bit,0.0672,0.0672
2023-04-01,mac,OSX Version,MacOS 13.3.1 64 bit,0.0997,0.0997
2023-04-01,mac,OSX Version,Other,-0.1156,0.2653
2023-05-01,linux,Linux Version,"""Arch Linux"" 64 bit",0.002,0.0999
2023-05-01,linux,Linux Version,"""Manjaro Linux"" 64 bit",-0.0046,0.0579
2023-05-01,linux,Linux Version,"""SteamOS Holo"" 64 bit",0.0255,0.2532
2023-05-01,linux,Linux Version,Freedesktop.org SDK 22.08 (Flatpak runtime) 64 bit,-0.0034,0.0727
2023-05-01,linux,Linux Version,Linux Mint 21.1 64 bit,0.0049,0.0546
2023-05-01,linux,Linux Version,Other,-0.0098,0.3292
2023-05-01,linux,Linux Version,Pop!_OS 22.04 LTS 64 bit,-0.0033,0.0353
2023-05-01,linux,Linux Version,Ubuntu 22.04.2 LTS 64 bit,-0.0112,0.0972
2023-05-01,mac,OSX Version,MacOS 10.13.6 64 bit,-0.0016,0.0313
2023-05-01,mac,OSX Version,MacOS 10.14.6 64 bit,0.0216,0.0216
2023-05-01,mac,OSX Version,MacOS 10.15.7 64 bit,-0.0011,0.0509
2023-05-01,mac,OSX Version,MacOS 12.4.0 64 bit,-0.003,0.0222
2023-05-01,mac,OSX Version,MacOS 12.5.0 64 bit,-0.0014,0.0219
2023-05-01,mac,OSX Version,MacOS 12.6.0 64 bit,-0.0043,0.0297
2023-05-01,mac,OSX Version,MacOS 12.6.3 64 bit,-0.0197,0.0277
2023-05-01,mac,OSX Version,MacOS 12.6.5 64 bit,0.0404,0.0404
2023-05-01,mac,OSX Version,MacOS 13.0.0 64 bit,-0.0053,0.0268
2023-05-01,mac,OSX Version,MacOS 13.0.1 64 bit,-0.0046,0.0269
2023-05-01,mac,OSX Version,MacOS 13.1.0 64 bit,-0.0111,0.0335
2023-05-01,mac,OSX Version,MacOS 13.2.1 64 bit,-0.125,0.0969
2023-05-01,mac,OSX Version,MacOS 13.3.1 64 bit,0.2054,0.3051
2023-05-01,mac,OSX Version,MacOS 13.4.0 64 bit,0.0281,0.0281
2023-05-01,mac,OSX Version,Other,-0.028,0.2373
2023-05-01,pc,Windows Version,Other,-0.0001,0.001
2023-05-01,pc,Windows Version,Windows 10 64 bit,-0.0056,0.6295
2023-05-01,pc,Windows Version,Windows 11 64 bit,0.0072,0.3536
2023-05-01,pc,Windows Version,Windows 7,-0.0001,0.0008
2023-05-01,pc,Windows Version,Windows 7 64 bit,-0.0011,0.0122
2023-05-01,pc,Windows Version,Windows 8.1 64 bit,-0.0002,0.003
2023-06-01,mac,OSX Version,MacOS 10.13.6 64 bit,-0.0019,0.0294
2023-06-01,mac,OSX Version,MacOS 10.15.7 64 bit,-0.0039,0.047
2023-06-01,mac,OSX Version,MacOS 12.6.6 64 bit,0.0311,0.0311
2023-06-01,mac,OSX Version,MacOS 13.2.1 64 bit,-0.0303,0.0666
2023-06-01,mac,OSX Version,MacOS 13.3.1 64 bit,-0.1835,0.1216
2023-06-01,mac,OSX Version,MacOS 13.4.0 64 bit,0.2247,0.2528
2023-06-01,mac,OSX Version,MacOS 13.4.1 64 bit,0.0393,0.0393
2023-06-01,mac,OSX Version,Other,0.1749,0.4122
2023-06-01,pc,Windows Version,Other,0.0002,0.0012
2023-06-01,pc,Windows Version,Windows 10 64 bit,-0.0154,0.6141
2023-06-01,pc,Windows Version,Windows 11 64 bit,0.0158,0.3694
2023-06-01,pc,Windows Version,Windows 7,0.0,0.0008
2023-06-01,pc,Windows Version,Windows 7 64 bit,-0.0002,0.012
2023-06-01,pc,Windows Version,Windows 8.1 64 bit,-0.0005,0.0025
2023-07-01,linux,Linux Version,"""Arch Linux"" 64 bit",-0.0039,0.0794
2023-07-01,linux,Linux Version,"""Manjaro Linux"" 64 bit",-0.0008,0.0429
2023-07-01,linux,Linux Version,"""SteamOS Holo"" 64 bit",0.0274,0.4207
2023-07-01,linux,Linux Version,Freedesktop.org SDK 22.08 (Flatpak runtime) 64 bit,-0.0003,0.0599
2023-07-01,linux,Linux Version,Linux Mint 21.1 64 bit,-0.0071,0.0384
2023-07-01,linux,Linux Version,Other,-0.0402,0.2552
2023-07-01,linux,Linux Version,Pop!_OS 22.04 LTS 64 bit,0.0297,0.0297
2023-07-01,linux,Linux Version,Ubuntu 22.04.2 LTS 64 bit,-0.0049,0.0738
2023-07-01,pc,Windows Version,Other,0.0,0.0012
2023-07-01,pc,Windows Version,Windows 10 64 bit,0.0,0.6015
2023-07-01,pc,Windows Version,Windows 11 64 bit,0.0,0.3811
2023-07-01,pc,Windows Version,Windows 7,0.0,0.001
2023-07-01,pc,Windows Version,Windows 7 64 bit,0.0,0.0126
2023-07-01,pc,Windows Version,Windows 8.1 64 bit,0.0,0.0026
2023-08-01,linux,Linux Version,"""Arch Linux"" 64 bit",-0.0026,0.0768
2023-08-01,linux,Linux Version,"""Manjaro Linux"" 64 bit",-0.003,0.0399
2023-08-01,linux,Linux Version,"""SteamOS Holo"" 64 bit",0.0211,0.4418
2023-08-01,linux,Linux Version,Freedesktop.org SDK 22.08 (Flatpak runtime) 64 bit,0.0004,0.0603
2023-08-01,linux,Linux Version,Linux Mint 21.2 64 bit,0.0341,0.0341
2023-08-01,linux,Linux Version,Other,-0.0074,0.2478
2023-08-01,linux,Linux Version,Pop!_OS 22.04 LTS 64 bit,-0.0004,0.0293
2023-08-01,linux,Linux Version,Ubuntu 22.04.2 LTS 64 bit,-0.0328,0.041
2023-08-01,linux,Linux Version,Ubuntu 22.04.3 LTS 64 bit,0.0291,0.0291
2023-08-01,mac,OSX Version,MacOS 10.15.7 64 bit,-0.0048,0.0351
2023-08-01,mac,OSX Version,MacOS 13.2.1 64 bit,-0.006,0.0416
2023-08-01,mac,OSX Version,MacOS 13.3.1 64 bit,-0.0142,0.0356
2023-08-01,mac,OSX Version,MacOS 13.4.0 64 bit,-0.034,0.0562
2023-08-01,mac,OSX Version,MacOS 13.4.1 64 bit,-0.0809,0.2569
2023-08-01,mac,OSX Version,MacOS 13.5.0 64 bit,0.145,0.145
2023-08-01,mac,OSX Version,MacOS 13.5.1 64 bit,0.039,0.039
2023-08-01,mac,OSX Version,MacOS 14.0.0 64 bit,0.0404,0.0404
2023-08-01,mac,OSX Version,Other,-0.0513,0.3502
2023-08-01,pc,Windows Version,Other,-0.0002,0.001
2023-08-01,pc,Windows Version,Windows 10 64 bit,-0.022,0.5795
2023-08-01,pc,Windows Version,Windows 11 64 bit,0.0248,0.4059
2023-08-01,pc,Windows Version,Windows 7,-0.0002,0.0008
2023-08-01,pc,Windows Version,Windows 7 64 bit,-0.002,0.0106
2023-08-01,pc,Windows Version,Windows 8.1 64 bit,-0.0004,0.0022
2023-09-01,linux,Linux Version,"""Arch Linux"" 64 bit",0.0041,0.0809
2023-09-01,linux,Linux Version,"""Manjaro Linux"" 64 bit",-0.0008,0.0391
2023-09-01,linux,Linux Version,"""SteamOS Holo"" 64 bit",-0.0114,0.4304
2023-09-01,linux,Linux Version,Linux Mint 21.2 64 bit,0.0026,0.0367
2023-09-01,linux,Linux Version,Other,0.1001,0.3479
2023-09-01,linux,Linux Version,Ubuntu 22.04.3 LTS 64 bit,0.0358,0.0649
2023-09-01,pc,Windows Version,Other,-0.0002,0.0008
2023-09-01,pc,Windows Version,Windows 10 64 bit,0.0184,0.5979
2023-09-01,pc,Windows Version,Windows 11 64 bit,-0.0198,0.3861
2023-09-01,pc,Windows Version,Windows 7,-0.0002,0.0006
2023-09-01,pc,Windows Version,Windows 7 64 bit,0.0021,0.0127
2023-09-01,pc,Windows Version,Windows 8.1 64 bit,-0.0004,0.0018
2023-10-01,pc,Windows Version,Other,0.0003,0.0011
2023-10-01,pc,Windows Version,Windows 10 64 bit,0.0753,0.6732
2023-10-01,pc,Windows Version,Windows 11 64 bit,-0.0727,0.3134
2023-10-01,pc,Windows Version,Windows 7 64 bit,-0.0017,0.011
2023-10-01,pc,Windows Version,Windows 8.1 64 bit,-0.0004,0.0014
2023-11-01,linux,Linux Version,"""Arch Linux"" 64 bit",0.0027,0.0781
2023-11-01,linux,Linux Version,"""Manjaro Linux"" 64 bit",-0.0016,0.0379
2023-11-01,linux,Linux Version,"""SteamOS Holo"" 64 bit",0.0068,0.4299
2023-11-01,linux,Linux Version,Freedesktop.org SDK 23.08 (Flatpak runtime) 64 bit,-0.004,0.0533
2023-11-01,linux,Linux Version,Linux Mint 21.2 64 bit,0.0032,0.0425
2023-11-01,linux,Linux Version,Other,-0.0333,0.2648
2023-11-01,linux,Linux Version,Pop!_OS 22.04 LTS 64 bit,0.0268,0.0268
2023-11-01,linux,Linux Version,Ubuntu 22.04.3 LTS 64 bit,-0.0006,0.0667
2023-11-01,mac,OSX Version,MacOS 13.4.1 64 bit,-0.0166,0.0341
2023-11-01,mac,OSX Version,MacOS 13.5.2 64 bit,-0.0475,0.034
2023-11-01,mac,OSX Version,MacOS 14.0.0 64 bit,-0.1122,0.2241
2023-11-01,mac,OSX Version,MacOS 14.1.0 64 bit,0.1204,0.1204
2023-11-01,mac,OSX Version,MacOS 14.1.1 64 bit,0.1326,0.1326
2023-11-01,mac,OSX Version,Other,-0.0298,0.4548
2023-11-01,pc,Windows Version,Other,-0.0003,0.0008
2023-11-01,pc,Windows Version,Windows 10 64 bit,-0.1188,0.5544
2023-11-01,pc,Windows Version,Windows 11 64 bit,0.122,0.4354
2023-11-01,pc,Windows Version,Windows 7,0.0006,0.0006
2023-11-01,pc,Windows Version,Windows 7 64 bit,-0.0038,0.0072
2023-11-01,pc,Windows Version,Windows 8.1 64 bit,0.0003,0.0017
2023-12-01,linux,Linux Version,"""Arch Linux"" 64 bit",0.0004,0.0785
2023-12-01,linux,Linux Version,"""Manjaro Linux"" 64 bit",-0.0015,0.0364
2023-12-01,linux,Linux Version,"""SteamOS Holo"" 64 bit",-0.0246,0.4053
2023-12-01,linux,Linux Version,Freedesktop SDK 23.08 (Flatpak runtime) 64 bit,0.0522,0.0522
2023-12-01,linux,Linux Version,Linux Mint 21.2 64 bit,0.0045,0.047
2023-12-01,linux,Linux Version,Other,0.0151,0.2799
2023-12-01,linux,Linux Version,Pop!_OS 22.04 LTS 64 bit,0.0035,0.0303
2023-12-01,linux,Linux Version,Ubuntu 22.04.3 LTS 64 bit,0.0037,0.0704
2023-12-01,mac,OSX Version,MacOS 13.6.1 64 bit,0.0337,0.0337
2023-12-01,mac,OSX Version,MacOS 14.0.0 64 bit,-0.1394,0.0847
2023-12-01,mac,OSX Version,MacOS 14.1.0 64 bit,-0.0867,0.0337
2023-12-01,mac,OSX Version,MacOS 14.1.1 64 bit,0.0032,0.1358
2023-12-01,mac,OSX Version,MacOS 14.1.2 64 bit,0.2002,0.2002
2023-12-01,mac,OSX Version,MacOS 14.2.0 64 bit,0.0604,0.0604
2023-12-01,mac,OSX Version,MacOS 14.2.1 64 bit,0.0423,0.0423
2023-12-01,mac,OSX Version,Other,-0.0455,0.4093
2023-12-01,pc,Windows Version,Other,-0.0001,0.0007
2023-12-01,pc,Windows Version,Windows 10 64 bit,0.0,0.5544
2023-12-01,pc,Windows Version,Windows 11 64 bit,-0.0003,0.4351
2023-12-01,pc,Windows Version,Windows 2019 64 bit,0.0006,0.0006
2023-12-01,pc,Windows Version,Windows 7,0.0,0.0006
2023-12-01,pc,Windows Version,Windows 7 64 bit,-0.0001,0.0071
2023-12-01,pc,Windows Version,Windows 8.1 64 bit,-0.0001,0.0016
2024-01-01,linux,Linux Version,"""Arch Linux"" 64 bit",-0.0009,0.0776
2024-01-01,linux,Linux Version,"""Manjaro Linux"" 64 bit",-0.0016,0.0348
2024-01-01,linux,Linux Version,"""SteamOS Holo"" 64 bit",0.0159,0.4212
2024-01-01,linux,Linux Version,Freedesktop SDK 23.08 (Flatpak runtime) 64 bit,0.006,0.0582
2024-01-01,linux,Linux Version,Linux Mint 21.2 64 bit,-0.0107,0.0363
2024-01-01,linux,Linux Version,Other,-0.0035,0.2764
2024-01-01,linux,Linux Version,Pop!_OS 22.04 LTS 64 bit,-0.0027,0.0276
2024-01-01,linux,Linux Version,Ubuntu 22.04.3 LTS 64 bit,-0.0024,0.068
2024-01-01,mac,OSX Version,MacOS 14.0.0 64 bit,-0.0224,0.0623
2024-01-01,mac,OSX Version,MacOS 14.1.1 64 bit,-0.0816,0.0542
2024-01-01,mac,OSX Version,MacOS 14.1.2 64 bit,-0.1122,0.088
2024-01-01,mac,OSX Version,MacOS 14.2.1 64 bit,0.2522,0.2945
2024-01-01,mac,OSX Version,MacOS 14.3.0 64 bit,0.0394,0.0394
2024-01-01,mac,OSX Version,Other,0.0522,0.4615
2024-01-01,pc,Windows Version,Other,0.0,0.0007
2024-01-01,pc,Windows Version,Windows 10 64 bit,-0.0215,0.5329
2024-01-01,pc,Windows Version,Windows 11 64 bit,0.0233,0.4584
2024-01-01,pc,Windows Version,Windows 7,-0.0001,0.0005
2024-01-01,pc,Windows Version,Windows 7 64 bit,-0.001,0.0061
2024-01-01,pc,Windows Version,Windows 8.1 64 bit,-0.0003,0.0013
2024-02-01,linux,Linux Version,"""Arch Linux"" 64 bit",0.0039,0.0815
2024-02-01,linux,Linux Version,"""Manjaro Linux"" 64 bit",-0.0013,0.0335
2024-02-01,linux,Linux Version,"""SteamOS Holo"" 64 bit",0.0143,0.4355
2024-02-01,linux,Linux Version,Freedesktop SDK 23.08 (Flatpak runtime) 64 bit,-0.003,0.0552
2024-02-01,linux,Linux Version,Linux Mint 21.3 64 bit,0.0356,0.0356
2024-02-01,linux,Linux Version,Other,0.0314,0.3078
2024-02-01,linux,Linux Version,Ubuntu 22.04.3 LTS 64 bit,-0.0171,0.0509
2024-02-01,mac,OSX Version,MacOS 14.0.0 64 bit,-0.0151,0.0472
2024-02-01,mac,OSX Version,MacOS 14.2.1 64 bit,-0.053,0.2415
2024-02-01,mac,OSX Version,MacOS 14.3.0 64 bit,0.0827,0.1221
2024-02-01,mac,OSX Version,MacOS 14.3.1 64 bit,0.0921,0.0921
2024-02-01,mac,OSX Version,Other,0.0357,0.4972
2024-02-01,pc,Windows Version,Other,0.0004,0.0011
2024-02-01,pc,Windows Version,Windows 10 64 bit,0.0262,0.5591
2024-02-01,pc,Windows Version,Windows 11 64 bit,-0.0255,0.4329
2024-02-01,pc,Windows Version,Windows 7 64 bit,-0.0002,0.0059
2024-02-01,pc,Windows Version,Windows 8.1 64 bit,-0.0003,0.001
2024-03-01,linux,Linux Version,"""Arch Linux"" 64 bit",-0.0049,0.0766
2024-03-01,linux,Linux Version,"""Manjaro Linux"" 64 bit",0.0007,0.0342
2024-03-01,linux,Linux Version,"""SteamOS Holo"" 64 bit",0.0067,0.4422
2024-03-01,linux,Linux Version,Freedesktop SDK 23.08 (Flatpak runtime) 64 bit,0.0045,0.0597
2024-03-01,linux,Linux Version,Linux Mint 21.3 64 bit,0.0021,0.0377
2024-03-01,linux,Linux Version,Other,-0.0137,0.2941
2024-03-01,linux,Linux Version,Ubuntu 22.04.4 LTS 64 bit,0.0554,0.0554
2024-03-01,mac,OSX Version,MacOS 14.0.0 64 bit,-0.0065,0.0407
2024-03-01,mac,OSX Version,MacOS 14.2.1 64 bit,-0.0697,0.1718
2024-03-01,mac,OSX Version,MacOS 14.3.1 64 bit,0.1029,0.195
2024-03-01,mac,OSX Version,MacOS 14.4.0 64 bit,0.1016,0.1016
2024-03-01,mac,OSX Version,Other,-0.0063,0.4909
2024-03-01,pc,Windows Version,Other,-0.0003,0.0008
2024-03-01,pc,Windows Version,Windows 10 64 bit,0.0037,0.5628
2024-03-01,pc,Windows Version,Windows 11 64 bit,-0.0024,0.4305
2024-03-01,pc,Windows Version,Windows 7 64 bit,-0.0009,0.005
2024-03-01,pc,Windows Version,Windows 8.1 64 bit,-0.0001,0.0009
2024-04-01,linux,Linux Version,"""Arch Linux"" 64 bit",0.0058,0.0824
2024-04-01,linux,Linux Version,"""Manjaro Linux"" 64 bit",-0.0005,0.0337
2024-04-01,linux,Linux Version,"""SteamOS Holo"" 64 bit",-0.0189,0.4233
2024-04-01,linux,Linux Version,Freedesktop SDK 23.08 (Flatpak runtime) 64 bit,0.0004,0.0601
2024-04-01,linux,Linux Version,Linux Mint 21.3 64 bit,0.0062,0.0439
2024-04-01,linux,Linux Version,Other,0.0012,0.2953
2024-04-01,linux,Linux Version,Ubuntu 22.04.4 LTS 64 bit,0.0059,0.0613
2024-04-01,mac,OSX Version,MacOS 14.2.1 64 bit,-0.0855,0.0863
2024-04-01,mac,OSX Version,MacOS 14.3.1 64 bit,-0.1328,0.0622
2024-04-01,mac,OSX Version,MacOS 14.4.0 64 bit,-0.0557,0.0459
2024-04-01,mac,OSX Version,MacOS 14.4.1 64 bit,0.3372,0.3372
2024-04-01,mac,OSX Version,Other,-0.0225,0.4684
2024-04-01,pc,Windows Version,Other,-0.0001,0.0007
2024-04-01,pc,Windows Version,Windows 10 64 bit,-0.0355,0.5273
2024-04-01,pc,Windows Version,Windows 11 64 bit,0.0362,0.4667
2024-04-01,pc,Windows Version,Windows 7 64 bit,-0.0006,0.0044
2024-04-01,pc,Windows Version,Windows 8.1 64 bit,-0.0001,0.0008
2024-05-01,linux,Linux Version,"""Arch Linux"" 64 bit",-0.0034,0.079
2024-05-01,linux,Linux Version,"""Manjaro Linux"" 64 bit",-0.0019,0.0318
2024-05-01,linux,Linux Version,"""SteamOS Holo"" 64 bit",0.0301,0.4534
2024-05-01,linux,Linux Version,Freedesktop SDK 23.08 (Flatpak runtime) 64 bit,0.0004,0.0605
2024-05-01,linux,Linux Version,Linux Mint 21.3 64 bit,-0.0016,0.0423
2024-05-01,linux,Linux Version,Other,-0.0555,0.2398
2024-05-01,linux,Linux Version,Pop!_OS 22.04 LTS 64 bit,0.0257,0.0257
2024-05-01,linux,Linux Version,Ubuntu 22.04.4 LTS 64 bit,-0.0137,0.0476
2024-05-01,linux,Linux Version,Ubuntu Core 22 64 bit,0.0262,0.0262
2024-05-01,mac,OSX Version,MacOS 14.2.1 64 bit,-0.0381,0.0482
2024-05-01,mac,OSX Version,MacOS 14.4.1 64 bit,0.1048,0.442
2024-05-01,mac,OSX Version,MacOS 14.5.0 64 bit,0.0678,0.0678
2024-05-01,mac,OSX Version,Other,-0.0166,0.4518
2024-05-01,pc,Windows Version,Other,0.0001,0.0008
2024-05-01,pc,Windows Version,Windows 10 64 bit,-0.005,0.5223
2024-05-01,pc,Windows Version,Windows 11 64 bit,0.0111,0.4778
2024-05-01,pc,Windows Version,Windows 7 64 bit,-0.0004,0.004
2024-05-01,pc,Windows Version,Windows 8.1 64 bit,0.0001,0.0009
2024-06-01,linux,Linux Version,"""Arch Linux"" 64 bit",0.0018,0.0808
2024-06-01,linux,Linux Version,"""Manjaro Linux"" 64 bit",-0.0009,0.0309
2024-06-01,linux,Linux Version,"""SteamOS Holo"" 64 bit",-0.0417,0.4117
2024-06-01,linux,Linux Version,Freedesktop SDK 23.08 (Flatpak runtime) 64 bit,0.0066,0.0671
2024-06-01,linux,Linux Version,Linux Mint 21.3 64 bit,0.0087,0.051
2024-06-01,linux,Linux Version,Other,-0.0104,0.2294
2024-06-01,linux,Linux Version,Pop!_OS 22.04 LTS 64 bit,0.0008,0.0265
2024-06-01,linux,Linux Version,Ubuntu 22.04.4 LTS 64 bit,-0.005,0.0426
2024-06-01,linux,Linux Version,Ubuntu 24.04 LTS 64 bit,0.0303,0.0303
2024-06-01,linux,Linux Version,Ubuntu Core 22 64 bit,0.0035,0.0297
2024-06-01,mac,OSX Version,MacOS 14.4.1 64 bit,-0.3323,0.1097
2024-06-01,mac,OSX Version,MacOS 14.5.0 64 bit,0.3717,0.4395
2024-06-01,mac,OSX Version,Other,-0.001,0.4508
2024-06-01,pc,Windows Version,Other,0.0001,0.0009
2024-06-01,pc,Windows Version,Windows 10 64 bit,-0.0108,0.5115
2024-06-01,pc,Windows Version,Windows 11 64 bit,0.0048,0.4826
2024-06-01,pc,Windows Version,Windows 7 64 bit,0.0002,0.0042
2024-06-01,pc,Windows Version,Windows 8.1 64 bit,-0.0001,0.0008
2024-07-01,linux,Linux Version,"""Arch Linux"" 64 bit",-0.0009,0.0799
2024-07-01,linux,Linux Version,"""Manjaro Linux"" 64 bit",-0.0016,0.0293
2024-07-01,linux,Linux Version,"""SteamOS Holo"" 64 bit",-0.002,0.4097
2024-07-01,linux,Linux Version,Debian GNU/Linux 12 (bookworm) 64 bit,0.0244,0.0244
2024-07-01,linux,Linux Version,Freedesktop SDK 23.08 (Flatpak runtime) 64 bit,-0.0036,0.0635
2024-07-01,linux,Linux Version,Linux Mint 21.3 64 bit,0.001,0.052
2024-07-01,linux,Linux Version,Other,-0.0198,0.2096
2024-07-01,linux,Linux Version,Pop!_OS 22.04 LTS 64 bit,0.0008,0.0273
2024-07-01,linux,Linux Version,Ubuntu 22.04.4 LTS 64 bit,-0.0022,0.0404
2024-07-01,linux,Linux Version,Ubuntu 24.04 LTS 64 bit,0.0038,0.0341
2024-07-01,linux,Linux Version,Ubuntu Core 22 64 bit,0.0002,0.0299
2024-07-01,mac,OSX Version,MacOS 14.4.1 64 bit,-0.0497,0.06
2024-07-01,mac,OSX Version,MacOS 14.5.0 64 bit,0.0658,0.5053
2024-07-01,mac,OSX Version,Other,-0.0161,0.4347
2024-07-01,pc,Windows Version,Other,0.0,0.0009
2024-07-01,pc,Windows Version,Windows 10 64 bit,0.008,0.5195
2024-07-01,pc,Windows Version,Windows 11 64 bit,-0.0081,0.4745
2024-07-01,pc,Windows Version,Windows 7 64 bit,0.0001,0.0043
2024-07-01,pc,Windows Version,Windows 8.1 64 bit,0.0,0.0008
2024-08-01,linux,Linux Version,"""Arch Linux"" 64 bit",0.0023,0.0822
2024-08-01,linux,Linux Version,"""Manjaro Linux"" 64 bit",0.0002,0.0295
2024-08-01,linux,Linux Version,"""SteamOS Holo"" 64 bit",-0.0049,0.4048
2024-08-01,linux,Linux Version,Freedesktop SDK 23.08 (Flatpak runtime) 64 bit,-0.0012,0.0623
2024-08-01,linux,Linux Version,Linux Mint 21.3 64 bit,-0.0161,0.0359
2024-08-01,linux,Linux Version,Linux Mint 22 64 bit,0.0298,0.0298
2024-08-01,linux,Linux Version,Other,0.0162,0.2258
2024-08-01,linux,Linux Version,Pop!_OS 22.04 LTS 64 bit,-0.0007,0.0266
2024-08-01,linux,Linux Version,Ubuntu 22.04.4 LTS 64 bit,-0.0025,0.0379
2024-08-01,linux,Linux Version,Ubuntu 24.04 LTS 64 bit,0.0015,0.0356
2024-08-01,linux,Linux Version,Ubuntu Core 22 64 bit,-0.0002,0.0297
2024-08-01,mac,OSX Version,MacOS 14.4.1 64 bit,-0.0169,0.0431
2024-08-01,mac,OSX Version,MacOS 14.5.0 64 bit,-0.1636,0.3417
2024-08-01,mac,OSX Version,MacOS 14.6.0 64 bit,0.0489,0.0489
2024-08-01,mac,OSX Version,MacOS 14.6.1 64 bit,0.1494,0.1494
2024-08-01,mac,OSX Version,MacOS 15.0.0 64 bit,0.0388,0.0388
2024-08-01,mac,OSX Version,Other,-0.0566,0.3781
2024-08-01,pc,Windows Version,Other,-0.0001,0.0008
2024-08-01,pc,Windows Version,Windows 10 64 bit,-0.0329,0.4866
2024-08-01,pc,Windows Version,Windows 11 64 bit,0.0336,0.5081
2024-08-01,pc,Windows Version,Windows 7 64 bit,-0.0005,0.0038
2024-08-01,pc,Windows Version,Windows 8.1 64 bit,-0.0001,0.0007
2024-09-01,linux,Linux Version,"""Arch Linux"" 64 bit",0.0044,0.0866
2024-09-01,linux,Linux Version,"""Manjaro Linux"" 64 bit",0.0009,0.0304
2024-09-01,linux,Linux Version,"""SteamOS Holo"" 64 bit",-0.0128,0.392
2024-09-01,linux,Linux Version,Freedesktop SDK 23.08 (Flatpak runtime) 64 bit,-0.002,0.0603
2024-09-01,linux,Linux Version,Linux Mint 21.3 64 bit,-0.0087,0.0272
2024-09-01,linux,Linux Version,Linux Mint 22 64 bit,0.0075,0.0373
2024-09-01,linux,Linux Version,Other,0.0669,0.2927
2024-09-01,linux,Linux Version,Ubuntu 24.04.1 LTS 64 bit,0.0403,0.0403
2024-09-01,linux,Linux Version,Ubuntu Core 22 64 bit,0.0033,0.033
2024-09-01,mac,OSX Version,MacOS 14.5.0 64 bit,-0.2149,0.1268
2024-09-01,mac,OSX Version,MacOS 14.6.1 64 bit,0.2133,0.3627
2024-09-01,mac,OSX Version,MacOS 15.0.0 64 bit,0.0798,0.1186
2024-09-01,mac,OSX Version,Other,0.0139,0.392
2024-09-01,pc,Windows Version,Other,0.0002,0.001
2024-09-01,pc,Windows Version,Windows 10 64 bit,0.0159,0.5025
2024-09-01,pc,Windows Version,Windows 11 64 bit,-0.0156,0.4925
2024-09-01,pc,Windows Version,Windows 2022 64 bit,0.0008,0.0008
2024-09-01,pc,Windows Version,Windows 7 64 bit,-0.0006,0.0032
2024-10-01,linux,Linux Version,"""Arch Linux"" 64 bit",0.0088,0.0954
2024-10-01,linux,Linux Version,"""Manjaro Linux"" 64 bit",0.0029,0.0333
2024-10-01,linux,Linux Version,"""SteamOS Holo"" 64 bit",-0.0241,0.3679
2024-10-01,linux,Linux Version,Freedesktop SDK 23.08 (Flatpak runtime) 64 bit,0.0013,0.0616
2024-10-01,linux,Linux Version,Linux Mint 21.3 64 bit,0.0017,0.0289
2024-10-01,linux,Linux Version,Linux Mint 22 64 bit,0.0023,0.0396
2024-10-01,linux,Linux Version,Other,-0.0184,0.2743
2024-10-01,linux,Linux Version,Pop!_OS 22.04 LTS 64 bit,0.0292,0.0292
2024-10-01,linux,Linux Version,Ubuntu 24.04.1 LTS 64 bit,0.0107,0.051
2024-10-01,linux,Linux Version,Ubuntu Core 22 64 bit,-0.0024,0.0306
2024-10-01,mac,OSX Version,MacOS 14.5.0 64 bit,-0.0382,0.0886
2024-10-01,mac,OSX Version,MacOS 14.6.1 64 bit,-0.1811,0.1816
2024-10-01,mac,OSX Version,MacOS 15.0.0 64 bit,0.1054,0.224
2024-10-01,mac,OSX Version,MacOS 15.0.1 64 bit,0.1299,0.1299
2024-10-01,mac,OSX Version,Other,-0.0004,0.3916
2024-10-01,pc,Windows Version,Other,-0.0003,0.0007
2024-10-01,pc,Windows Version,Windows 10 64 bit,-0.0301,0.4724
2024-10-01,pc,Windows Version,Windows 11 64 bit,0.0415,0.534
2024-10-01,pc,Windows Version,Windows 7 64 bit,-0.0008,0.0024
2024-11-01,linux,Linux Version,"""Arch Linux"" 64 bit",0.003,0.0916
2024-11-01,linux,Linux Version,"""Manjaro Linux"" 64 bit",-0.0004,0.0299
2024-11-01,linux,Linux Version,"""SteamOS Holo"" 64 bit",-0.0028,0.3663
2024-11-01,linux,Linux Version,Debian GNU/Linux 12 (bookworm) 64 bit,0.0252,0.0252
2024-11-01,linux,Linux Version,Freedesktop SDK 24.08 (Flatpak runtime) 64 bit,0.0499,0.0499
2024-11-01,linux,Linux Version,Linux Mint 22 64 bit,0.0025,0.0449
2024-11-01,linux,Linux Version,Other,0.0138,0.2818
2024-11-01,linux,Linux Version,Pop!_OS 22.04 LTS 64 bit,-0.0024,0.0249
2024-11-01,linux,Linux Version,Ubuntu 24.04.1 LTS 64 bit,-0.0001,0.0479
2024-11-01,linux,Linux Version,Ubuntu Core 22 64 bit,-0.0002,0.0376
2024-11-01,mac,OSX Version,MacOS 14.5.0 64 bit,-0.02,0.0693
2024-11-01,mac,OSX Version,MacOS 14.6.1 64 bit,-0.0515,0.1152
2024-11-01,mac,OSX Version,MacOS 15.0.0 64 bit,-0.122,0.039
2024-11-01,mac,OSX Version,MacOS 15.0.1 64 bit,-0.0323,0.1465
2024-11-01,mac,OSX Version,MacOS 15.1.0 64 bit,0.1715,0.2127
2024-11-01,mac,OSX Version,MacOS 15.1.1 64 bit,0.0779,0.0779
2024-11-01,mac,OSX Version,Other,-0.0236,0.3394
2024-11-01,pc,Windows Version,Other,-0.0001,0.0007
2024-11-01,pc,Windows Version,Windows 10 64 bit,-0.0427,0.4485
2024-11-01,pc,Windows Version,Windows 11 64 bit,0.0436,0.5487
2024-11-01,pc,Windows Version,Windows 7 64 bit,-0.0007,0.0022
2024-12-01,linux,Linux Version,"""Arch Linux"" 64 bit",0.0245,0.0938
2024-12-01,linux,Linux Version,"""EndeavourOS Linux"" 64 bit",0.0266,0.0266
2024-12-01,linux,Linux Version,"""Manjaro Linux"" 64 bit",-0.0869,0.0273
2024-12-01,linux,Linux Version,"""SteamOS Holo"" 64 bit",-0.0284,0.3559
2024-12-01,linux,Linux Version,Freedesktop SDK 24.08 (Flatpak runtime) 64 bit,0.2033,0.06
2024-12-01,linux,Linux Version,Linux Mint 22 64 bit,0.0149,0.0456
2024-12-01,linux,Linux Version,Other,0.0316,0.2907
2024-12-01,linux,Linux Version,Pop!_OS 22.04 LTS 64 bit,0.0884,0.0271
2024-12-01,linux,Linux Version,Ubuntu 24.04.1 LTS 64 bit,0.0093,0.0483
2024-12-01,linux,Linux Version,Ubuntu Core 22 64 bit,0.0985,0.0413
2024-12-01,mac,OSX Version,MacOS 14.5.0 64 bit,-0.2736,0.0503
2024-12-01,mac,OSX Version,MacOS 14.6.1 64 bit,-0.3387,0.0762
2024-12-01,mac,OSX Version,MacOS 15.0.1 64 bit,-0.7017,0.0437
2024-12-01,mac,OSX Version,MacOS 15.1.0 64 bit,-0.7866,0.0454
2024-12-01,mac,OSX Version,MacOS 15.1.1 64 bit,1.627,0.2046
2024-12-01,mac,OSX Version,MacOS 15.2.0 64 bit,0.0693,0.2438
2024-12-01,mac,OSX Version,Other,0.0382,0.3524
2024-12-01,pc,Windows Version,Other,-0.1427,0.0006
2024-12-01,pc,Windows Version,Windows 10 64 bit,-0.0091,0.4444
2024-12-01,pc,Windows Version,Windows 11 64 bit,0.0083,0.5532
2024-12-01,pc,Windows Version,Windows 7 64 bit,-0.318,0.0015
2025-01-01,linux,Linux Version,"""Arch Linux"" 64 bit",0.0027,0.0941
2025-01-01,linux,Linux Version,"""Manjaro Linux"" 64 bit",-0.0001,0.0273
2025-01-01,linux,Linux Version,"""SteamOS Holo"" 64 bit",-0.0185,0.3493
2025-01-01,linux,Linux Version,Debian GNU/Linux 12 (bookworm) 64 bit,0.001,0.0247
2025-01-01,linux,Linux Version,Freedesktop SDK 24.08 (Flatpak runtime) 64 bit,0.0009,0.0601
2025-01-01,linux,Linux Version,Linux Mint 22 64 bit,-0.0015,0.0455
2025-01-01,linux,Linux Version,Other,0.064,0.3093
2025-01-01,linux,Linux Version,Ubuntu 24.04.1 LTS 64 bit,0.0011,0.0484
2025-01-01,linux,Linux Version,Ubuntu Core 22 64 bit,-0.0001,0.0413
2025-01-01,mac,OSX Version,MacOS 14.5.0 64 bit,-0.0068,0.05
2025-01-01,mac,OSX Version,MacOS 14.6.1 64 bit,-0.0168,0.0749
2025-01-01,mac,OSX Version,MacOS 15.1.0 64 bit,-0.0108,0.0449
2025-01-01,mac,OSX Version,MacOS 15.1.1 64 bit,-0.1468,0.1746
2025-01-01,mac,OSX Version,MacOS 15.2.0 64 bit,0.1737,0.2862
2025-01-01,mac,OSX Version,Other,0.0483,0.3694
2025-01-01,pc,Windows Version,Other,-0.0002,0.0006
2025-01-01,pc,Windows Version,Windows 10 64 bit,-0.0007,0.4441
2025-01-01,pc,Windows Version,Windows 11 64 bit,0.001,0.5538
2025-01-01,pc,Windows Version,Windows 7 64 bit,-0.0002,0.0015
2025-02-01,linux,Linux Version,"""Arch Linux"" 64 bit",0.0029,0.097
2025-02-01,linux,Linux Version,"""SteamOS Holo"" 64 bit",-0.0026,0.3467
2025-02-01,linux,Linux Version,Freedesktop SDK 24.08 (Flatpak runtime) 64 bit,0.0015,0.0616
2025-02-01,linux,Linux Version,Linux Mint 22.1 64 bit,0.0453,0.0453
2025-02-01,linux,Linux Version,Other,0.0624,0.3717
2025-02-01,linux,Linux Version,Ubuntu 24.04.1 LTS 64 bit,-0.0128,0.0356
2025-02-01,linux,Linux Version,Ubuntu Core 22 64 bit,0.0008,0.0421
2025-02-01,mac,OSX Version,MacOS 14.6.1 64 bit,-0.015,0.0599
2025-02-01,mac,OSX Version,MacOS 15.1.1 64 bit,-0.0883,0.0863
2025-02-01,mac,OSX Version,MacOS 15.2.0 64 bit,-0.1496,0.1366
2025-02-01,mac,OSX Version,MacOS 15.3.0 64 bit,0.2332,0.2332
2025-02-01,mac,OSX Version,MacOS 15.3.1 64 bit,0.116,0.116
2025-02-01,mac,OSX Version,Other,-0.0014,0.368
2025-02-01,pc,Windows Version,Other,-0.0001,0.0005
2025-02-01,pc,Windows Version,Windows 10 64 bit,0.1025,0.5466
2025-02-01,pc,Windows Version,Windows 11 64 bit,-0.1019,0.4519
2025-02-01,pc,Windows Version,Windows 7 64 bit,-0.0005,0.001
2025-03-01,linux,Linux Version,"""Arch Linux"" 64 bit",-0.0002,0.0968
2025-03-01,linux,Linux Version,"""EndeavourOS Linux"" 64 bit",0.024,0.024
2025-03-01,linux,Linux Version,"""Manjaro Linux"" 64 bit",0.0266,0.0266
2025-03-01,linux,Linux Version,"""SteamOS Holo"" 64 bit",-0.0019,0.3448
2025-03-01,linux,Linux Version,Debian GNU/Linux 12 (bookworm) 64 bit,0.0235,0.0235
2025-03-01,linux,Linux Version,Freedesktop SDK 24.08 (Flatpak runtime) 64 bit,0.001,0.0626
2025-03-01,linux,Linux Version,Linux Mint 22.1 64 bit,0.0078,0.0531
2025-03-01,linux,Linux Version,Other,-0.111,0.2607
2025-03-01,linux,Linux Version,Pop!_OS 22.04 LTS 64 bit,0.0221,0.0221
2025-03-01,linux,Linux Version,Ubuntu 24.04.2 LTS 64 bit,0.0418,0.0418
2025-03-01,linux,Linux Version,Ubuntu Core 22 64 bit,0.0018,0.0439
2025-03-01,mac,OSX Version,MacOS 14.5.0 64 bit,0.0335,0.0335
2025-03-01,mac,OSX Version,MacOS 14.6.1 64 bit,-0.0177,0.0422
2025-03-01,mac,OSX Version,MacOS 15.1.1 64 bit,-0.0545,0.0318
2025-03-01,mac,OSX Version,MacOS 15.2.0 64 bit,-0.0969,0.0397
2025-03-01,mac,OSX Version,MacOS 15.3.0 64 bit,-0.1941,0.0391
2025-03-01,mac,OSX Version,MacOS 15.3.1 64 bit,0.2407,0.3567
2025-03-01,mac,OSX Version,MacOS 15.3.2 64 bit,0.1554,0.1554
2025-03-01,mac,OSX Version,Other,-0.0663,0.3017
2025-03-01,pc,Windows Version,Other,0.0001,0.0006
2025-03-01,pc,Windows Version,Windows 10 64 bit,-0.1243,0.4223
2025-03-01,pc,Windows Version,Windows 11 64 bit,0.124,0.5759
2025-03-01,pc,Windows Version,Windows 7 64 bit,0.0002,0.0012
2025-04-01,linux,Linux Version,"""Arch Linux"" 64 bit",-0.0023,0.0945
2025-04-01,linux,Linux Version,"""EndeavourOS Linux"" 64 bit",0.0006,0.0246
2025-04-01,linux,Linux Version,"""Manjaro Linux"" 64 bit",-0.0005,0.0261
2025-04-01,linux,Linux Version,"""SteamOS Holo"" 64 bit",-0.007,0.3378
2025-04-01,linux,Linux Version,Debian GNU/Linux 12 (bookworm) 64 bit,-0.0008,0.0227
2025-04-01,linux,Linux Version,Freedesktop SDK 24.08 (Flatpak runtime) 64 bit,0.0015,0.0641
2025-04-01,linux,Linux Version,Linux Mint 22.1 64 bit,0.0089,0.062
2025-04-01,linux,Linux Version,Other,-0.0053,0.2554
2025-04-01,linux,Linux Version,Pop!_OS 22.04 LTS 64 bit,0.0002,0.0223
2025-04-01,linux,Linux Version,Ubuntu 24.04.2 LTS 64 bit,0.0026,0.0444
2025-04-01,linux,Linux Version,Ubuntu Core 22 64 bit,0.0023,0.0462
2025-04-01,mac,OSX Version,MacOS 12.7.6 64 bit,0.031,0.031
2025-04-01,mac,OSX Version,MacOS 14.5.0 64 bit,-0.0012,0.0323
2025-04-01,mac,OSX Version,MacOS 14.6.1 64 bit,-0.0049,0.0373
2025-04-01,mac,OSX Version,MacOS 15.3.1 64 bit,-0.2888,0.0679
2025-04-01,mac,OSX Version,MacOS 15.3.2 64 bit,0.1304,0.2858
2025-04-01,mac,OSX Version,MacOS 15.4.0 64 bit,0.1391,0.1391
2025-04-01,mac,OSX Version,MacOS 15.4.1 64 bit,0.0872,0.0872
2025-04-01,mac,OSX Version,Other,0.0177,0.3194
2025-04-01,pc,Windows Version,Other,0.0,0.0006
2025-04-01,pc,Windows Version,Windows 10 64 bit,-0.0259,0.3964
2025-04-01,pc,Windows Version,Windows 11 64 bit,0.0259,0.6018
2025-04-01,pc,Windows Version,Windows 7 64 bit,0.0,0.0012
2025-05-01,linux,Linux Version,"""Arch Linux"" 64 bit",0.0064,0.1009
2025-05-01,linux,Linux Version,"""CachyOS"" 64 bit",0.0254,0.0254
2025-05-01,linux,Linux Version,"""EndeavourOS Linux"" 64 bit",-0.0002,0.0244
2025-05-01,linux,Linux Version,"""Manjaro Linux"" 64 bit",-0.0018,0.0243
2025-05-01,linux,Linux Version,"""SteamOS Holo"" 64 bit",-0.0283,0.3095
2025-05-01,linux,Linux Version,Debian GNU/Linux 12 (bookworm) 64 bit,-0.0028,0.0199
2025-05-01,linux,Linux Version,Freedesktop SDK 24.08 (Flatpak runtime) 64 bit,0.0101,0.0742
2025-05-01,linux,Linux Version,Linux Mint 22.1 64 bit,0.0156,0.0776
2025-05-01,linux,Linux Version,Other,-0.0227,0.2327
2025-05-01,linux,Linux Version,Pop!_OS 22.04 LTS 64 bit,-0.0006,0.0217
2025-05-01,linux,Linux Version,Ubuntu 24.04.2 LTS 64 bit,-0.0014,0.043
2025-05-01,linux,Linux Version,Ubuntu Core 22 64 bit,0.0001,0.0463
2025-05-01,mac,OSX Version,MacOS 12.7.6 64 bit,-0.002,0.029
2025-05-01,mac,OSX Version,MacOS 14.5.0 64 bit,-0.0021,0.0302
2025-05-01,mac,OSX Version,MacOS 14.6.1 64 bit,-0.0044,0.0329
2025-05-01,mac,OSX Version,MacOS 15.3.1 64 bit,-0.0269,0.041
2025-05-01,mac,OSX Version,MacOS 15.3.2 64 bit,-0.2106,0.0752
2025-05-01,mac,OSX Version,MacOS 15.4.1 64 bit,0.2873,0.3745
2025-05-01,mac,OSX Version,MacOS 15.5.0 64 bit,0.1283,0.1283
2025-05-01,mac,OSX Version,Other,-0.0304,0.289
2025-05-01,pc,Windows Version,Other,-0.0001,0.0005
2025-05-01,pc,Windows Version,Windows 10 64 bit,-0.0088,0.3876
2025-05-01,pc,Windows Version,Windows 11 64 bit,0.009,0.6108
2025-05-01,pc,Windows Version,Windows 7 64 bit,-0.0002,0.001
2025-06-01,linux,Linux Version,"""Arch Linux"" 64 bit",0.004,0.1049
2025-06-01,linux,Linux Version,"""Bazzite 42 (FROM Fedora Kinoite)"" 64 bit",0.0237,0.0237
2025-06-01,linux,Linux Version,"""CachyOS"" 64 bit",0.0064,0.0318
2025-06-01,linux,Linux Version,"""EndeavourOS Linux"" 64 bit",-0.0004,0.024
2025-06-01,linux,Linux Version,"""Manjaro Linux"" 64 bit",0.0003,0.0246
2025-06-01,linux,Linux Version,"""SteamOS Holo"" 64 bit",0.0009,0.3104
2025-06-01,linux,Linux Version,Debian GNU/Linux 12 (bookworm) 64 bit,-0.0001,0.0198
2025-06-01,linux,Linux Version,Freedesktop SDK 24.08 (Flatpak runtime) 64 bit,-0.008,0.0662
2025-06-01,linux,Linux Version,Linux Mint 22.1 64 bit,0.0014,0.079
2025-06-01,linux,Linux Version,Other,-0.024,0.2087
2025-06-01,linux,Linux Version,Pop!_OS 22.04 LTS 64 bit,-0.0011,0.0206
2025-06-01,linux,Linux Version,Ubuntu 24.04.2 LTS 64 bit,-0.0009,0.0421
2025-06-01,linux,Linux Version,Ubuntu Core 22 64 bit,-0.0023,0.044
2025-06-01,mac,OSX Version,MacOS 14.6.1 64 bit,-0.0032,0.0297
2025-06-01,mac,OSX Version,MacOS 15.4.1 64 bit,-0.309,0.0655
2025-06-01,mac,OSX Version,MacOS 15.5.0 64 bit,0.3972,0.5255
2025-06-01,mac,OSX Version,Other,0.0902,0.3792
2025-06-01,pc,Windows Version,Other,0.0,0.0005
2025-06-01,pc,Windows Version,Windows 10 64 bit,-0.0146,0.373
2025-06-01,pc,Windows Version,Windows 11 64 bit,0.0147,0.6255
2025-06-01,pc,Windows Version,Windows 7 64 bit,0.0,0.001
2025-07-01,linux,Linux Version,"""Arch Linux"" 64 bit",0.0033,0.1082
2025-07-01,linux,Linux Version,"""Bazzite 42 (FROM Fedora Kinoite)"" 64 bit",0.0083,0.032
2025-07-01,linux,Linux Version,"""CachyOS"" 64 bit",0.0103,0.0421
2025-07-01,linux,Linux Version,"""EndeavourOS Linux"" 64 bit",-0.0007,0.0233
2025-07-01,linux,Linux Version,"""Fedora Linux 42 (KDE Plasma Desktop Edition)"" 64 bit",0.0179,0.0179
2025-07-01,linux,Linux Version,"""Manjaro Linux"" 64 bit",0.0,0.0246
2025-07-01,linux,Linux Version,"""SteamOS Holo"" 64 bit",-0.0273,0.2831
2025-07-01,linux,Linux Version,Debian GNU/Linux 12 (bookworm) 64 bit,-0.0002,0.0196
2025-07-01,linux,Linux Version,Fedora Linux 42 (Workstation Edition) 64 bit,0.0221,0.0221
2025-07-01,linux,Linux Version,Freedesktop SDK 24.08 (Flatpak runtime) 64 bit,-0.0008,0.0654
2025-07-01,linux,Linux Version,Linux Mint 22.1 64 bit,-0.0007,0.0783
2025-07-01,linux,Linux Version,Other,-0.0329,0.1758
2025-07-01,linux,Linux Version,Pop!_OS 22.04 LTS 64 bit,0.0008,0.0214
2025-07-01,linux,Linux Version,Ubuntu 24.04.2 LTS 64 bit,0.0023,0.0444
2025-07-01,linux,Linux Version,Ubuntu Core 22 64 bit,-0.0023,0.0417
2025-07-01,mac,OSX Version,MacOS 12.7.6 64 bit,0.0291,0.0291
2025-07-01,mac,OSX Version,MacOS 15.4.1 64 bit,-0.0277,0.0378
2025-07-01,mac,OSX Version,MacOS 15.5.0 64 bit,0.0425,0.568
2025-07-01,mac,OSX Version,Other,-0.0142,0.365
2025-07-01,pc,Windows Version,Other,0.0,0.0005
2025-07-01,pc,Windows Version,Windows 10 64 bit,-0.0034,0.3696
2025-07-01,pc,Windows Version,Windows 11 64 bit,0.0035,0.629
2025-07-01,pc,Windows Version,Windows 7 64 bit,-0.0001,0.0009
2025-08-01,linux,Linux Version,"""Arch Linux"" 64 bit",0.0016,0.1098
2025-08-01,linux,Linux Version,"""Bazzite (FROM Fedora Atomic)"" 64 bit",0.0221,0.0221
2025-08-01,linux,Linux Version,"""CachyOS"" 64 bit",0.0048,0.0469
2025-08-01,linux,Linux Version,"""EndeavourOS Linux"" 64 bit",0.0007,0.024
2025-08-01,linux,Linux Version,"""Fedora Linux 42 (KDE Plasma Desktop Edition)"" 64 bit",0.0014,0.0193
2025-08-01,linux,Linux Version,"""Manjaro Linux"" 64 bit",-0.0011,0.0235
2025-08-01,linux,Linux Version,"""SteamOS Holo"" 64 bit",-0.0066,0.2765
2025-08-01,linux,Linux Version,Fedora Linux 42 (Workstation Edition) 64 bit,-0.0003,0.0218
2025-08-01,linux,Linux Version,Freedesktop SDK 24.08 (Flatpak runtime) 64 bit,-0.0025,0.0629
2025-08-01,linux,Linux Version,Linux Mint 22.1 64 bit,0.0038,0.0821
2025-08-01,linux,Linux Version,Other,0.0474,0.2232
2025-08-01,linux,Linux Version,Pop!_OS 22.04 LTS 64 bit,-0.0017,0.0197
2025-08-01,linux,Linux Version,Ubuntu 24.04.2 LTS 64 bit,-0.0161,0.0283
2025-08-01,linux,Linux Version,Ubuntu Core 22 64 bit,-0.0017,0.04
2025-08-01,mac,OSX Version,MacOS 15.5.0 64 bit,-0.2573,0.3107
2025-08-01,mac,OSX Version,MacOS 15.6.0 64 bit,0.2449,0.2449
2025-08-01,mac,OSX Version,MacOS 15.6.1 64 bit,0.0725,0.0725
2025-08-01,mac,OSX Version,MacOS 26.0.0 64 bit,0.046,0.046
2025-08-01,mac,OSX Version,Other,-0.039,0.326
2025-08-01,pc,Windows Version,Other,0.0,0.0005
2025-08-01,pc,Windows Version,Windows 10 64 bit,-0.0026,0.367
2025-08-01,pc,Windows Version,Windows 11 64 bit,0.0028,0.6318
2025-08-01,pc,Windows Version,Windows 7 64 bit,-0.0002,0.0007
2025-09-01,linux,Linux Version,"""Arch Linux"" 64 bit",-0.0029,0.1069
2025-09-01,linux,Linux Version,"""Bazzite"" 64 bit",0.0333,0.0333
2025-09-01,linux,Linux Version,"""CachyOS"" 64 bit",0.0058,0.0527
2025-09-01,linux,Linux Version,"""EndeavourOS Linux"" 64 bit",-0.0015,0.0225
2025-09-01,linux,Linux Version,"""Fedora Linux 42 (KDE Plasma Desktop Edition)"" 64 bit",0.001,0.0203
2025-09-01,linux,Linux Version,"""Manjaro Linux"" 64 bit",-0.0023,0.0212
2025-09-01,linux,Linux Version,"""SteamOS Holo"" 64 bit",0.0039,0.2804
2025-09-01,linux,Linux Version,Fedora Linux 42 (Workstation Edition) 64 bit,-0.0023,0.0195
2025-09-01,linux,Linux Version,Freedesktop SDK 24.08 (Flatpak runtime) 64 bit,-0.0006,0.0623
2025-09-01,linux,Linux Version,Linux Mint 22.1 64 bit,-0.0271,0.055
2025-09-01,linux,Linux Version,Linux Mint 22.2 64 bit,0.0334,0.0334
2025-09-01,linux,Linux Version,Other,-0.0279,0.1953
2025-09-01,linux,Linux Version,Pop!_OS 22.04 LTS 64 bit,0.0007,0.0204
2025-09-01,linux,Linux Version,Ubuntu 24.04.3 LTS 64 bit,0.035,0.035
2025-09-01,linux,Linux Version,Ubuntu Core 22 64 bit,0.0018,0.0418
2025-09-01,mac,OSX Version,MacOS 15.5.0 64 bit,-0.2174,0.0933
2025-09-01,mac,OSX Version,MacOS 15.6.0 64 bit,-0.186,0.0589
2025-09-01,mac,OSX Version,MacOS 15.6.1 64 bit,0.3347,0.4072
2025-09-01,mac,OSX Version,MacOS 26.0.0 64 bit,0.0802,0.1262
2025-09-01,mac,OSX Version,Other,-0.0116,0.3144
2025-09-01,pc,Windows Version,Other,-0.0002,0.0003
2025-09-01,pc,Windows Version,Windows 10 64 bit,-0.0296,0.3374
2025-09-01,pc,Windows Version,Windows 11 64 bit,0.029,0.6608
2025-09-01,pc,Windows Version,Windows 2022 64 bit,0.0009,0.0009
2025-09-01,pc,Windows Version,Windows 7 64 bit,0.0,0.0007
2025-10-01,linux,Linux Version,"""Arch Linux"" 64 bit",-0.0066,0.1032
2025-10-01,linux,Linux Version,"""Bazzite"" 64 bit",0.0424,0.0424
2025-10-01,linux,Linux Version,"""CachyOS"" 64 bit",0.0132,0.0601
2025-10-01,linux,Linux Version,"""EndeavourOS Linux"" 64 bit",-0.0008,0.0232
2025-10-01,linux,Linux Version,"""Fedora Linux 42 (KDE Plasma Desktop Edition)"" 64 bit",0.0019,0.0212
2025-10-01,linux,Linux Version,"""Manjaro Linux"" 64 bit",-0.0031,0.0204
2025-10-01,linux,Linux Version,"""SteamOS Holo"" 64 bit",-0.0047,0.2718
2025-10-01,linux,Linux Version,Fedora Linux 42 (Workstation Edition) 64 bit,-0.0043,0.0175
2025-10-01,linux,Linux Version,Freedesktop SDK 24.08 (Flatpak runtime) 64 bit,-0.0398,0.0231
2025-10-01,linux,Linux Version,Freedesktop SDK 25.08 (Flatpak runtime) 64 bit,0.0429,0.0429
2025-10-01,linux,Linux Version,Linux Mint 22.1 64 bit,-0.0565,0.0256
2025-10-01,linux,Linux Version,Linux Mint 22.2 64 bit,0.0665,0.0665
2025-10-01,linux,Linux Version,Other,-0.0428,0.1804
2025-10-01,linux,Linux Version,Pop!_OS 22.04 LTS 64 bit,-0.0004,0.0193
2025-10-01,linux,Linux Version,Ubuntu 24.04.3 LTS 64 bit,0.037,0.037
2025-10-01,linux,Linux Version,Ubuntu Core 22 64 bit,0.0055,0.0455
2025-10-01,mac,OSX Version,MacOS 12.7.6 64 bit,0.0255,0.0255
2025-10-01,mac,OSX Version,MacOS 15.5.0 64 bit,-0.2407,0.07
2025-10-01,mac,OSX Version,MacOS 15.6.0 64 bit,-0.2054,0.0395
2025-10-01,mac,OSX Version,MacOS 15.6.1 64 bit,0.171,0.2435
2025-10-01,mac,OSX Version,MacOS 15.7.1 64 bit,0.0387,0.0387
2025-10-01,mac,OSX Version,MacOS 26.0.0 64 bit,0.0222,0.0682
2025-10-01,mac,OSX Version,MacOS 26.0.1 64 bit,0.2356,0.2356
2025-10-01,mac,OSX Version,MacOS 26.1.0 64 bit,0.0252,0.0252
2025-10-01,mac,OSX Version,Other,-0.0722,0.2538
2025-10-01,pc,Windows Version,Other,0.0,0.0005
2025-10-01,pc,Windows Version,Windows 10 64 bit,-0.0387,0.3283
2025-10-01,pc,Windows Version,Windows 11 64 bit,0.0384,0.6702
2025-10-01,pc,Windows Version,Windows 7 64 bit,0.0003,0.001
